customer_id,salary_deposits,total_expenses,month
4623,6583,12049,Sep
6283,14074,13374,Feb
5611,12306,11689,Oct
6070,12328,759,May
4256,7254,2418,Sep
5661,8345,7004,Mar
7225,8571,6018,May
4043,9083,7103,Aug
7453,7298,8675,Feb
4443,2078,10478,Jun
6678,7652,7752,Nov
7177,2377,7730,Apr
6687,2164,599,Dec
4905,9967,4405,Dec
5714,11912,2842,Jun
4878,13176,8591,Mar
3791,7941,3733,Jun
3225,10346,5524,Jul
6035,3146,11941,Oct
7876,11255,827,Mar
7233,4216,10043,May
3226,13031,11503,Dec
6406,7449,13853,Aug
6180,3463,2789,Feb
3812,5470,1865,Jul
5493,3516,11854,Jan
7103,13242,11791,Jul
7224,6423,13246,Jan
7067,3526,12394,Apr
7363,13802,1908,Apr
7310,12584,10202,Dec
3247,2788,719,May
4619,8520,13646,Feb
4828,9421,6907,Dec
6446,8577,10860,Nov
3421,4548,11878,Dec
5765,9252,3739,Jun
4372,14849,13222,Jun
7239,6608,1769,Aug
5189,10707,8042,Oct
5613,8640,13067,Dec
5081,8745,4317,Jan
7325,5062,7689,Apr
5736,7281,7357,Dec
3830,6762,567,Feb
6059,11759,10363,Nov
3850,11640,9434,Aug
5781,2966,7725,Dec
4154,8076,5883,Apr
7941,7694,2512,Aug
6830,10555,10397,Feb
5683,2107,10138,Apr
6080,9181,3569,Dec
3403,13286,8166,Sep
5976,10814,790,May
4603,6416,6812,Jun
7723,2509,8227,Oct
3981,8815,4179,Dec
5295,11256,4410,Sep
5385,5865,5151,Sep
6353,10495,852,Jul
7129,11160,1763,Nov
3799,11630,2326,Feb
5596,13713,4878,Jul
4367,5871,2105,Sep
5939,7513,12528,Feb
4263,8508,3898,Jul
5777,9164,5051,Dec
6249,5500,3506,Jul
3304,4199,1504,Mar
4694,14546,6467,Jun
5317,5901,6928,Aug
7496,9758,2578,Oct
3922,8070,2995,Aug
3421,4270,2761,Mar
5179,7385,12456,Jun
6810,2229,2237,Feb
4167,4486,3596,Feb
7674,10341,8427,Aug
3540,2909,2944,Nov
6500,13720,836,Oct
4461,2977,3483,May
7688,2634,9659,May
7740,7989,7498,Nov
3328,6717,5498,Apr
5860,4190,9363,Nov
5094,7189,9995,Oct
5132,14341,13556,Apr
5842,6939,11362,Aug
3352,9081,11298,Mar
7733,5474,8687,Nov
6909,8695,10406,Mar
3234,13972,3095,Aug
6123,9194,3470,Mar
7877,3865,3769,Dec
5729,2298,11293,Feb
3933,4739,978,Nov
4824,8701,1343,May
6501,5725,2125,Nov
7074,13583,2380,Mar
6346,6540,12343,Jun
3861,10289,10809,Nov
4231,13389,9196,Jul
5196,12297,8801,Mar
7396,14464,10097,Sep
4477,6814,4992,Oct
5024,8134,3980,Jan
5597,5522,9042,Jul
5431,6418,10249,Apr
6690,8818,3542,Jul
3534,10124,3336,Sep
4257,10162,8578,Sep
4658,7489,8374,Jan
4153,8085,7064,Oct
6894,11037,4128,Dec
4753,6185,5517,Apr
4684,6226,10733,Jul
5979,10096,8802,Oct
7333,5881,12996,Jun
6654,9692,10457,Sep
6014,11244,8106,Jul
3701,14040,1701,Mar
7671,5615,11670,Jul
6065,8805,11164,Oct
7867,5157,11067,May
4765,4105,6503,Feb
7319,7176,510,Oct
4123,2993,13643,Mar
6831,5096,10993,Jun
5959,2189,10281,Jun
5321,12315,2001,Jul
4423,12610,8820,Jun
4541,4898,8405,Sep
7526,7856,4103,May
3523,14793,4695,May
6008,12158,789,Aug
5499,14470,6188,Aug
5090,6249,7893,Jan
4739,7388,10368,Mar
7190,9046,13936,Jun
5534,5411,8105,Jun
5565,14138,10536,Jan
5765,11238,12327,Feb
3499,12765,3193,Oct
5419,2605,10519,Jul
5747,3366,13452,Jan
3485,13118,10062,Oct
3665,8482,13485,May
6455,12150,12514,Jan
3628,11256,8874,Jun
4685,7795,850,Jul
3732,2517,4086,Aug
7288,12646,6415,Dec
4245,14425,10093,Mar
5175,7218,11447,Mar
6875,5807,6084,Nov
5775,7435,13465,Jan
6079,12781,3349,Dec
7792,4272,4935,Mar
4140,4308,11904,May
7660,11294,12898,Jun
6118,6792,6904,Mar
5441,2810,12659,Apr
7119,13955,13999,May
6203,14760,4427,May
6199,10268,7014,Sep
7541,4309,12121,Aug
7873,9908,7940,Jan
5045,11217,6316,Feb
3708,12256,7092,Dec
3433,6439,6325,May
3473,12933,3988,Dec
3048,8389,2395,Mar
4915,14191,3408,Jul
4106,13420,1911,Nov
6181,14461,5957,Jun
4891,5558,12074,Feb
3358,10008,10635,Aug
3568,2845,4499,May
3480,10884,5948,Jun
3867,14240,11810,Aug
6261,3332,9347,Jun
7060,13229,6792,Oct
4029,14524,9041,Mar
6358,8300,7508,Jul
4814,3274,12690,Apr
6729,9166,1643,Jun
6527,11436,13792,Jun
7804,2337,897,Nov
4051,5294,1145,May
3127,2336,13200,Jan
6607,3867,8106,Aug
5379,14197,4632,Oct
4653,8914,2734,Feb
3008,2494,13207,Apr
7709,6642,11464,Dec
4285,5886,10175,Mar
7694,10352,10926,Jun
7482,4036,13889,Nov
3179,11933,10675,Jan
6596,11699,2462,Sep
7911,7083,1309,May
6818,5560,6973,May
6255,11567,11888,Apr
7454,11745,7983,Apr
5424,4281,13745,Jan
7798,12060,4915,Sep
4751,3601,7118,Sep
7878,14019,9205,Apr
7178,13672,9025,Oct
6430,3299,13882,Oct
3185,10902,11204,Apr
5336,6167,12787,Dec
6134,4046,5319,Jul
7979,4881,507,Apr
3507,7474,6315,Jan
7126,3817,10695,Nov
4933,4198,12951,Sep
4197,5332,8632,Feb
6686,3103,13568,May
7182,5177,5914,Apr
4339,13786,10820,Aug
5621,13666,9990,Jun
3683,6815,13708,Jul
6515,4177,3446,Feb
7368,3194,6236,Apr
5161,6501,2344,Apr
4730,8041,4111,Dec
4418,10727,8059,Feb
7015,9060,8684,Oct
3019,11261,6186,Apr
5653,14561,3565,Sep
6801,10324,9794,Aug
3465,2263,1179,Nov
3691,6462,7690,Jan
4011,8968,5847,Aug
6062,4052,13225,Nov
7021,6946,12061,Sep
3163,7825,4547,Aug
4636,8044,13733,Oct
5747,6089,11515,Jan
3295,13039,509,Aug
3579,2357,12945,Dec
4586,7505,11523,May
6381,6420,13969,Sep
5350,10942,6963,Sep
5172,5250,12639,Jun
3195,14543,5821,Mar
3842,8562,4716,Dec
7008,4258,10878,Jul
7585,11102,9365,Mar
5932,5810,8234,Jul
3446,2583,8006,Aug
3080,5438,10719,May
7841,10768,1956,May
5746,8357,543,Apr
6689,12768,7826,Mar
4861,12063,13603,Dec
3931,11344,12885,Aug
4935,8146,12301,Nov
7368,6990,10586,Jun
5172,3783,12473,Jun
6295,3093,8276,Feb
7782,12291,10978,Apr
7748,6532,5070,May
7393,7117,3071,Nov
5835,9938,10107,Oct
7717,12333,8700,May
4655,8746,6132,Mar
5929,4133,2362,Oct
6604,10709,1733,May
4673,10933,3625,May
7351,8120,5211,Feb
4288,4477,2957,May
5727,6958,8701,Mar
7125,8137,11696,Mar
4059,4876,13339,May
7845,2042,7199,Sep
3602,7829,13667,Feb
6275,5441,8959,Sep
5979,10595,7657,Mar
3131,11518,12553,Dec
3111,12408,3214,Jul
5572,8346,5046,Dec
6360,8849,11333,Jan
5735,8686,7864,Jan
3831,12341,7719,Aug
3666,12585,12498,Sep
4067,4650,8136,Mar
7971,14729,10083,Jun
6789,6345,8041,Mar
4318,2877,9774,Jun
3285,3886,8985,Jul
7660,3303,12771,May
7115,3740,3335,Mar
6579,3112,8513,Aug
7643,5876,8455,May
3048,8040,13739,Jan
4769,9452,13656,Dec
7315,12090,4705,Sep
7862,8118,2654,Mar
6260,10439,5608,Feb
5079,8795,11036,Mar
5307,9044,4423,Jul
6416,13452,10546,Dec
7404,2567,6584,Nov
6143,14001,7762,Dec
3568,7958,4368,Oct
7327,11380,4290,Aug
7066,12787,11724,Feb
3082,3353,9536,Jul
6006,13804,10399,Nov
3217,7029,2507,May
3335,11172,1773,Sep
3559,6965,7373,Jul
5912,2168,13126,Jan
3874,9712,10796,Jan
3753,13356,11659,Jun
6762,4671,12934,Sep
3594,2378,13533,Jan
5752,3932,13828,Mar
4679,2193,7352,May
6898,10455,9904,Apr
7649,11663,8311,Jan
4483,12207,10987,Oct
3783,6616,10889,Apr
5135,7014,13501,Apr
6587,9878,11976,Nov
6795,3300,2764,Dec
7609,5200,2110,Oct
3984,5373,10110,Apr
7683,10765,2286,Mar
3743,11729,4899,Jul
7545,3383,3982,Jan
7684,11572,7046,Feb
7356,5537,10569,Jan
6609,9924,11599,Apr
6272,13351,9071,May
5511,11715,7095,Nov
7011,6991,11992,Oct
3094,7202,1193,May
4376,14804,12268,Feb
4132,5932,12837,Nov
5517,5622,10139,Mar
7964,11087,11082,Apr
3091,13585,7525,Oct
4480,2464,2255,Jun
3955,9980,7533,Jun
5432,3610,8193,Dec
3023,10804,11776,Feb
4726,13404,10571,Feb
7119,2604,11501,Sep
6306,9967,1347,Dec
4722,2620,11663,Feb
4441,4602,4561,Feb
7671,12375,1695,Mar
5151,8473,10204,Sep
5548,5800,12594,Jun
7924,9098,5978,Nov
6555,8538,6832,Dec
3189,2155,8654,Jun
3460,10160,6148,Dec
5237,13545,3820,Oct
7447,14103,2957,May
3581,13109,12154,Jul
5162,8681,3950,Nov
7716,13309,8918,Apr
4532,4715,2307,Oct
4369,6339,13000,Oct
5435,10070,918,Mar
5992,8690,10567,Jul
5903,2449,3655,Oct
5531,14693,9610,Jan
3473,14153,7864,Jun
3859,3069,13564,Nov
5990,6017,12746,Nov
5441,13783,4318,Nov
6707,4819,12963,Feb
4713,4285,3131,Feb
3516,12227,4174,Nov
5394,11382,10037,Aug
4376,3399,5130,Mar
6670,13932,7368,Sep
5391,4248,6013,Apr
6263,12985,2329,Jun
7639,8375,10355,Jan
5867,2723,13111,Nov
4060,11633,8776,Oct
3757,7273,4312,Oct
6496,9535,1386,Mar
3188,6820,8094,Apr
5382,2086,12031,May
7579,9697,12899,Jan
5715,8846,11367,Apr
3296,6149,13736,May
6534,3751,3297,Apr
7141,7161,4647,Oct
7043,5420,2631,Oct
5043,6837,12386,Jul
7271,4483,3259,Aug
6052,5212,11470,Dec
4801,5922,9432,Aug
6905,12681,3376,Mar
6782,8310,13212,May
5262,8042,13832,Oct
4523,10013,10403,Aug
7854,11678,555,Jul
4421,5527,3862,Sep
7593,10264,11551,Oct
3105,10916,9498,Jul
6624,5754,3556,Feb
3479,10162,5250,Apr
3693,13187,9698,Dec
6039,6365,5503,Dec
5970,10410,8405,Aug
3194,2546,4603,Sep
4490,5729,6767,Jul
3059,9350,2281,May
4887,7884,13912,Jan
6610,3968,1489,Sep
7574,6516,12625,Dec
5581,3259,11856,Jun
4969,8992,8052,Feb
7688,9756,5699,Nov
7935,4933,3869,Oct
7054,4509,10770,Oct
7645,14200,877,Feb
6086,14264,2877,Oct
3221,14872,6545,Jan
3876,3562,781,Dec
6463,12277,13823,Apr
5726,11981,13426,Oct
4197,10075,3419,Nov
5710,5669,12856,Feb
5732,4481,7484,Oct
3336,13622,4094,Nov
3225,9198,2338,Sep
6942,2204,13124,Feb
7284,2741,7070,Nov
4248,13080,11584,Sep
5691,13686,8906,Jan
6958,9049,5230,Jul
7590,6263,13210,Jun
4887,9837,2620,Jun
3311,6737,12485,Feb
5569,3105,3370,Jan
4605,8830,1285,Oct
6983,12015,8273,Aug
3369,12839,1437,Aug
6547,6197,10381,Feb
7842,2088,12403,Apr
3998,8488,9948,Apr
3497,5381,3612,Feb
3964,14895,6932,Nov
5005,13703,7198,Sep
4199,12398,7937,Dec
5346,5185,5034,Apr
3577,8679,10029,Apr
6161,8306,6129,Apr
3054,14573,6671,May
6433,2864,8961,Oct
3229,10246,1990,Dec
3779,6671,6541,Dec
6831,12272,10813,Aug
3985,2557,10372,Apr
7469,11184,5269,Mar
3469,6291,6889,Nov
5468,2447,12545,Jan
4850,3821,9101,Feb
3532,5819,7141,Apr
6036,13164,10133,Sep
3562,2091,7655,Jan
3090,2607,10950,Jun
4407,11443,9483,Jun
7465,2285,5842,Oct
6146,4921,859,Mar
4293,13498,5177,Oct
7111,2101,5639,Sep
6782,5835,9114,Oct
7068,10169,8812,Mar
6506,6235,2720,Jan
5392,11870,4629,Feb
4219,14015,11657,Apr
4946,9509,8762,Apr
5253,8716,13332,Feb
6892,2534,13755,Oct
4675,8666,4192,Jun
3776,10207,5130,Jun
7782,10752,12421,Mar
6568,4925,8705,Jan
5766,12575,5925,Oct
3225,2909,4400,Sep
3064,11605,12311,Apr
4788,7008,8962,Sep
6851,2118,6392,May
4376,14254,11816,Jul
6535,5113,6113,Mar
6916,13252,10275,Mar
7453,8153,13250,Aug
3093,3491,1022,Jan
5743,4096,3317,Aug
4678,9944,5450,Aug
6667,4254,3339,Mar
6865,10705,8389,Jan
5482,8103,7991,Sep
7937,3233,8514,Apr
4402,7258,8191,Jul
4607,14324,942,Sep
6957,11671,6894,Mar
6410,7631,8502,May
6072,5349,10775,Oct
3898,11732,11619,Nov
5932,2129,9913,Mar
7588,5716,12141,May
6714,8754,11132,Nov
6132,5743,11054,Feb
4533,3771,13195,Apr
4978,6454,1394,Dec
4799,8770,12594,Feb
4352,13267,2753,Mar
4839,9250,2510,May
5561,7273,7357,Sep
5992,10697,5493,Mar
4664,7628,12882,Oct
5398,6913,5135,Jun
6204,11030,11907,Apr
7642,14063,8308,Apr
3599,6718,7497,Nov
5045,4676,13296,Oct
3259,2096,11252,Oct
7572,3963,11538,May
4906,7401,9737,Nov
6020,9767,5333,Jul
3388,13058,3434,Nov
6870,14218,9162,Apr
4862,2598,13071,Aug
6633,13173,871,Dec
3798,5963,12095,Sep
5504,10620,7498,Sep
7021,9293,1903,Sep
4926,13973,5102,Feb
6955,3324,4446,Mar
4628,12782,12767,May
7313,12606,13906,Dec
3789,10111,5173,Jan
5057,3767,13988,Apr
4064,7164,11212,Nov
7469,11708,1507,May
4448,3339,12038,Sep
3515,14286,1167,Aug
7460,14851,1946,Jan
4914,13595,4466,Dec
4952,12738,10599,Mar
3774,11168,11059,Mar
3329,8466,10797,Nov
3794,11806,4868,Jun
3962,11776,5817,Apr
7693,7463,7746,Apr
4411,7490,3529,Jan
4138,6061,8732,Dec
7667,14843,13525,Oct
4569,9604,6392,Dec
7473,3270,7690,Nov
6275,2218,5304,Apr
6274,2533,6879,Jan
6470,9951,8817,May
4964,11687,1277,Mar
5166,11565,9527,Oct
7637,14331,9570,May
6573,5823,4989,Mar
4876,14141,13615,May
4237,2064,6770,Apr
5747,6341,7781,Sep
7209,7082,9528,Jun
7469,13334,9216,Dec
5347,11916,9943,Oct
4043,12397,8188,Feb
7872,4985,4741,Jan
7767,7594,7830,Jan
7107,5913,9426,Jan
3008,11240,7371,Sep
6697,10017,668,May
6732,13846,9840,Apr
4574,13064,8991,Oct
3461,6255,12013,May
6307,3004,5533,Sep
5303,4122,1021,Mar
5634,14766,9309,Mar
4352,8696,13756,Dec
3362,5981,12276,Feb
3788,14674,10409,Aug
3209,2471,13293,Jul
3267,5405,8993,Feb
7752,2308,9344,Apr
3554,9695,3801,Jul
4588,13126,4659,Jan
7517,14988,11329,Jan
4119,9707,2779,Aug
4514,5047,10314,Jun
4927,12113,13106,Feb
6404,13191,2181,Oct
6062,4017,13616,Oct
3221,6881,591,Jan
5345,3478,4206,Mar
4972,12544,1460,Dec
7439,6197,4659,Apr
7689,9721,1343,May
7065,6870,718,Nov
4985,5459,9395,Oct
3892,13946,13406,Mar
7803,11423,6528,May
6527,7434,746,Dec
4206,13312,13751,Jul
7853,2571,12729,Nov
4219,5589,5609,Sep
4856,10339,8748,May
5000,7918,13856,Apr
5436,13635,12651,Oct
5975,2596,13897,Nov
6099,7073,6624,Sep
6387,3070,13849,Aug
7544,13937,6825,May
4817,6250,6807,Sep
4778,6325,13544,Nov
5505,5371,10550,Sep
5940,2157,2412,Jan
3839,11114,4721,Dec
5702,5318,7874,Jun
7760,8711,766,Nov
7861,12538,3982,May
6139,14242,10372,Jun
3176,9221,11885,Oct
7606,11438,2031,Mar
6687,10957,10698,Mar
6163,13843,13397,Oct
5753,4612,5064,May
4190,6562,13588,Jul
7698,14020,4728,Apr
3838,14773,12142,Jun
6899,2443,7655,May
6852,7973,9711,Feb
5734,2904,817,Nov
6811,4910,10292,Dec
5654,13401,1210,Jan
6251,3801,11888,Jun
6350,2925,9142,May
6311,13913,10573,Sep
7681,14579,2243,Dec
5387,9851,1823,Jul
3374,7930,12252,Jan
7676,10943,3180,Oct
7613,11426,4737,Jun
4262,4922,3551,Nov
3121,10854,5164,Jul
6846,9555,11043,Mar
5885,13387,3204,Sep
5618,11776,6175,Nov
7139,2919,7287,Nov
6269,7004,3140,Feb
5043,6219,12817,Jan
5120,10259,12140,Oct
3491,6570,7876,Oct
7845,6453,8638,Dec
6046,11958,5862,Sep
3383,7575,1194,Jul
3805,3953,4753,Oct
4178,4568,10885,Nov
5218,9945,9031,Jan
4296,5708,2268,Apr
3918,6928,8783,Oct
7247,12863,13116,Mar
7527,5399,671,Nov
5415,11545,3249,Jul
3651,8570,3602,May
7916,2442,1120,Sep
5287,2600,5714,Nov
5752,13358,9680,Mar
6199,14134,576,Nov
3942,13001,2698,Jun
3541,13580,4737,Oct
5681,6582,8922,Feb
6728,4786,6527,Mar
5530,4695,13741,Apr
4203,13840,10867,Jun
7965,4052,11599,Nov
3651,2631,6355,Jan
6007,5442,3044,Jun
7533,3754,12304,Apr
5905,9020,3357,Aug
3314,13225,2053,Sep
7115,11770,6774,Aug
4184,2025,13056,Aug
7914,9946,11357,Feb
3122,12401,4240,Oct
3169,9297,9653,Feb
6683,8553,2127,Jun
7725,7759,10659,May
7122,9755,12023,Jun
6969,13094,1574,Sep
7018,3129,3704,Dec
6698,6996,1528,Oct
4730,14296,1147,Jul
6556,6145,13525,May
4119,7641,5803,Oct
5169,10633,3662,Jul
7222,7897,13607,Aug
7782,9369,1402,Nov
6117,5895,4567,Dec
7731,6797,10195,Jan
5430,3828,5576,Oct
5008,11727,11554,Nov
4051,14517,13170,Nov
3705,2559,3397,Jul
5900,11365,10037,Apr
6208,12070,6062,May
3707,12447,8673,Feb
6833,11276,9181,Oct
5009,5914,5752,May
7722,10430,8351,Sep
7622,10050,9117,Jan
4598,13106,7728,Mar
4067,12287,6181,Apr
4947,11663,6095,Sep
5800,8900,7890,Feb
3096,7587,11423,Jul
5075,7412,4491,Sep
7932,12237,10099,Dec
4919,6612,6962,Oct
4266,5683,13807,Apr
5535,10396,6868,May
3240,9347,9114,Dec
4328,5600,11647,Dec
4143,12329,9906,Dec
6224,8643,4442,Oct
6849,3213,2300,Apr
4416,9347,13642,Dec
5399,14026,13152,Jul
3761,5091,10761,Aug
6643,3382,13335,Aug
4553,5680,2877,Mar
3863,11871,7823,Feb
7036,10198,2603,Jun
4156,12077,1771,Dec
3357,5498,5520,Jan
4672,10487,13048,Dec
4329,7506,12535,Sep
4030,10455,934,Jul
5377,4137,4098,Aug
6242,9655,12241,Jul
4992,10124,4271,May
6872,6948,9226,May
5386,5865,9072,Jul
6141,7460,2650,Jul
3882,7448,4624,Feb
3539,6496,12617,Feb
7833,6452,6102,Jul
4858,8898,11820,May
6558,4546,5667,Feb
7539,6929,5986,Jan
5197,14722,4549,Sep
4951,10310,1046,Nov
4611,9214,12308,Aug
6164,4395,4922,Feb
7464,9671,10443,Feb
7008,13559,5324,Mar
7676,7514,3615,Apr
7752,3702,718,Sep
3227,10721,625,Dec
3592,5674,13669,Jun
7120,10494,13106,Mar
5076,14259,10020,Aug
7949,6251,9915,Jun
5672,14160,4680,Aug
4369,2013,5660,Oct
5023,9187,3270,Dec
5079,4803,10266,Feb
6951,2888,2442,Aug
6882,13720,12032,Nov
6322,11388,4957,May
7146,6540,11106,Oct
5437,10090,13992,Dec
4805,4169,1754,Apr
6360,13760,1487,Mar
4731,12423,7737,Dec
6663,12035,10540,Sep
5974,5651,8611,Oct
4030,14068,8455,Jul
3412,10017,5853,Jul
4982,12910,12593,Jun
3662,10240,13618,Sep
4348,2180,12411,Mar
6471,5878,10009,Jan
4306,11609,1871,Jul
7287,5464,13663,Sep
5834,13611,860,Jun
7681,2529,8604,Oct
4854,7771,9049,Feb
7596,6679,11893,Aug
7676,9940,8284,Sep
3816,3286,8588,Oct
6506,4190,12582,Aug
4477,10898,8229,Sep
6514,13409,3283,Jan
5038,10485,563,Mar
4331,3561,2728,Mar
7876,7628,11326,Sep
6807,14709,4349,Mar
4150,4611,6832,Oct
3007,8560,4438,Jan
4437,2660,2015,Mar
6251,5178,9271,Feb
6540,5389,6813,Sep
3695,12298,13109,Jan
5966,5063,13983,Nov
6300,8401,11023,Feb
7844,10127,8286,Jan
7242,4840,11105,Sep
6368,13688,2658,Jul
7953,12770,2625,Jan
7383,8309,12461,Oct
3026,9192,6896,Dec
7548,8054,2783,Jun
5154,12243,6736,May
7336,8146,8309,Oct
6490,8561,12458,Nov
3332,12601,3605,May
3645,13145,4052,Apr
4853,10560,3975,Mar
7131,2538,2338,Aug
5924,4927,8913,Jul
5432,4393,8553,May
6585,10922,1395,Dec
6810,2896,6109,Sep
3811,8867,6413,Dec
4312,14851,3911,Jul
5796,8345,3508,Oct
4895,4368,9676,Feb
6007,6559,10324,Jul
7301,9747,4170,Jul
5071,12872,3390,Apr
5657,4380,10735,Dec
7135,2014,6785,Dec
7269,13320,1908,Aug
7856,11545,4372,Apr
6485,5135,5177,Jul
3414,4277,10027,Apr
3692,10202,7946,Aug
5663,3656,12329,Mar
7118,11439,6989,Feb
5699,3660,3958,Oct
7310,3763,4897,Jun
3920,10733,6383,Jul
3907,3529,8588,Jul
6211,9865,7906,Jun
6729,7838,4100,Nov
5720,8910,7571,Aug
6667,11372,5968,Dec
7896,12880,13578,Jun
5365,4617,5507,Jun
3793,4754,10067,Mar
3576,11120,6797,Dec
4728,10101,10225,Feb
6228,3426,10644,Jul
6572,10067,11949,Jun
7187,13851,11683,Jan
6726,7208,5190,Feb
7857,12425,6186,Feb
6367,14101,3996,Jan
7866,8222,12849,Mar
4361,9808,3972,May
5049,4061,11609,Apr
5976,14289,7726,Dec
6197,4563,9857,Feb
4088,4803,5061,Aug
3206,8209,13960,Sep
6487,4293,8114,Aug
6316,3625,2858,Jul
3623,7809,11930,Oct
4678,2571,13603,Feb
6288,9399,10842,Jun
6013,14723,10767,Nov
6013,4400,12359,Apr
6638,11903,13295,May
5701,10574,10873,Sep
4872,7829,8750,Sep
3079,3083,7757,Apr
4477,3949,6713,Aug
7735,12709,10650,Nov
6229,7530,8876,May
5336,7202,8105,Sep
4726,14361,3119,Feb
4115,7430,10372,Apr
3161,5497,1077,Mar
4426,7496,12646,Jul
4734,13506,5743,Feb
7416,6930,12969,Mar
5412,12867,8762,Sep
6961,5394,1055,Aug
5523,11395,1351,Feb
7862,2773,9910,Jun
3602,13248,4140,Mar
5360,9793,13868,Dec
4556,12505,2412,Jun
7685,4597,3230,May
4521,11595,5919,Oct
5391,14364,2865,Apr
3906,9981,8038,Dec
4651,5061,13616,Jul
4118,5325,766,Nov
4525,3403,4416,Oct
7268,5320,7828,Jul
7722,9239,13401,Apr
6081,8649,10092,Mar
7778,9420,13365,Apr
6241,9139,12385,Feb
7407,2869,13419,Apr
6802,8442,2826,Apr
4936,11275,3301,Dec
6628,2973,6052,May
7381,11417,2534,Jan
6710,11994,11522,Feb
5543,13156,7953,Aug
7451,3188,1484,Aug
3200,7147,4599,Aug
5184,5443,6963,May
5676,14126,13819,Aug
7037,14601,1575,Sep
6494,7684,1523,Apr
6973,3321,13953,Apr
4365,4023,4397,Jul
4853,8740,13566,May
7438,7468,7470,Nov
6602,14923,8971,Oct
3388,14704,1611,Jan
7100,2438,9875,Aug
7773,2164,5580,Apr
4663,7678,8481,Aug
5459,9835,2575,Feb
3213,5337,12291,Dec
7656,5350,13597,Dec
3558,2987,4442,Apr
5606,4529,771,Feb
6120,6612,9815,May
6704,14369,12671,Oct
5692,14406,9919,Oct
4995,5845,689,Aug
3475,7756,9237,Nov
4768,10105,11033,Jul
3042,3326,12658,Nov
5652,13478,4514,May
5096,10219,8642,Nov
6993,12216,5443,Jul
4987,8924,5366,May
6866,6593,1268,Jul
6658,8662,12467,Apr
7824,2193,11423,Apr
6518,10783,5666,Oct
5269,4489,9702,Apr
4645,12049,8089,Nov
3940,8401,5298,Aug
7439,10304,964,Jan
6310,11509,3100,Oct
5986,3737,1416,May
7937,4061,10144,Dec
5028,11882,6626,Oct
6128,13860,7651,Feb
7990,8283,12160,Oct
7134,11586,12981,Apr
4365,13360,565,May
3851,8840,11294,Aug
3231,5559,10417,Feb
5500,7461,13388,Feb
5305,9599,10191,Feb
5482,12428,2404,Aug
7305,5883,7693,Dec
6712,5251,5071,Mar
5904,7053,7216,May
6466,14124,12656,Feb
5769,5014,11501,Jun
5893,13678,12782,Oct
5084,3128,9578,Jun
4239,8865,7473,Feb
5075,8472,4308,Apr
5066,9416,12869,Nov
3630,3696,8065,Feb
6209,10324,8361,Oct
7675,9407,2460,Apr
3903,9245,3247,Nov
4054,6665,543,Jul
3123,6220,4342,May
3957,13731,5205,Oct
3987,9574,2388,Apr
4252,13180,4398,Oct
7434,8170,12584,Oct
3991,14494,6383,Mar
5321,13485,9411,Jun
3902,2311,1190,Feb
5087,12621,10637,Apr
6993,11977,7342,Dec
7522,7434,8801,Aug
7710,14583,13006,Feb
6581,2401,5058,Sep
5803,7554,9206,Feb
5205,3596,8220,Aug
3872,2121,9328,Aug
5825,2750,3828,Jul
5903,2105,5812,Oct
7731,8934,1126,Jun
5504,11251,569,Jan
6404,14359,11198,Feb
5192,14855,8049,Jul
6883,5238,12581,Nov
7583,3244,6113,Apr
6208,10267,12491,Sep
6659,8865,10542,Mar
6098,11201,4819,Apr
6079,5282,6461,Mar
5639,4275,11570,Jul
6087,5808,12044,Feb
5947,10644,4477,Oct
6472,2765,8000,Dec
7303,6582,8559,Dec
4625,4715,7284,Feb
5958,3497,2134,Feb
6288,14138,12168,Dec
4526,13924,3043,Apr
4483,4838,7853,Aug
3259,8036,13849,Aug
3454,7066,1268,Aug
3799,2489,6264,Aug
7471,12615,3103,Jul
5512,8374,1491,Jun
7171,3935,10420,Dec
3242,4749,10720,Jul
4713,13488,10221,May
7219,14762,988,Aug
5003,13883,8679,Feb
6328,11295,4652,May
5282,9812,1011,Jul
3497,11791,12011,Sep
6112,13473,10843,Oct
3727,9464,11296,Jan
4832,9777,10799,Nov
4822,13352,6197,Sep
4817,14137,1234,Mar
3092,10417,6178,Jan
6433,8286,3809,Jul
4970,14995,9062,Mar
5385,11906,10765,Aug
6680,6149,5201,Nov
7609,12435,12897,Feb
3603,7848,13560,Apr
3428,9656,10993,Dec
5020,13084,10522,Feb
4457,4345,2359,Nov
3007,7549,8219,Apr
5435,8680,1416,Dec
4374,10770,7409,Jan
3641,3698,7764,Oct
6763,14787,7181,May
7006,12863,11867,Mar
5231,8984,3162,Sep
7661,14493,11326,Apr
6812,8037,5192,Jun
6307,13119,9929,Sep
3446,7256,10852,Feb
6942,8551,1835,Jul
7296,2278,11308,Mar
5996,3468,5550,Jan
3513,14964,11635,Sep
3990,11132,13912,Sep
4402,4318,1261,Dec
4813,6536,12410,Nov
3546,7347,13725,Apr
5534,7939,11392,Sep
5010,3783,2631,Jul
6433,12067,5314,Apr
7086,8630,10645,Dec
5216,14835,9640,Feb
7986,5226,801,May
6666,13920,12716,Aug
3828,11177,8240,Oct
5185,4819,11280,Oct
5163,5970,4194,Jun
4276,12258,3201,Dec
4517,2424,10167,Dec
4313,4105,9305,Nov
6524,4470,6714,May
3516,7894,6144,Apr
7784,5794,6020,Nov
4020,4891,1168,Jun
4296,11875,2628,Nov
4050,13365,7238,Mar
5341,5147,717,Feb
4258,14253,11623,Jan
5279,6051,9440,Sep
5986,5651,4720,Jan
6870,14353,8892,Nov
4145,9901,3121,Apr
7614,3174,5639,Jun
3706,4949,1221,Sep
5425,12001,9643,Apr
6572,10628,2381,Jul
4935,8116,10919,Jul
5485,2234,1932,Jun
4746,9912,5681,Sep
3970,6770,2820,Nov
5547,12337,7450,Oct
5648,7128,10468,Jul
3778,13767,7677,Mar
4334,6856,9390,Jun
5118,13753,11660,Jul
5389,10159,1121,Dec
6104,4474,11279,Jul
6115,2226,13773,Jun
7214,8160,959,Mar
5937,12802,9776,Jun
7111,12467,7725,Feb
4346,6801,8991,Oct
5042,12007,11236,Jan
5675,7357,9967,Aug
4556,9548,10122,Mar
3690,14046,8641,Aug
7870,5995,5875,Mar
6453,3410,3952,Feb
4535,6764,7812,Dec
3120,13571,11080,Aug
7160,12037,6425,Mar
7556,3337,2321,Aug
7055,7420,6931,Feb
5853,2117,1488,Apr
4614,3868,8905,Sep
6034,4097,1031,Jan
5784,3813,3417,Feb
5937,11779,7385,Feb
7064,13444,4119,Sep
6889,10734,10676,Oct
6785,4374,10950,May
5627,3526,10910,Nov
6545,13759,13325,Apr
4150,9087,13463,Oct
7803,11461,13177,Oct
4710,10793,7064,Apr
6159,5614,10801,Jul
4367,4149,3560,Mar
7050,5301,10300,Sep
7491,10579,3024,May
7580,5680,13107,Nov
7762,11794,1189,Sep
3456,5282,10791,Jan
7306,4696,13444,Oct
7621,14626,13615,Dec
3676,6151,1600,Aug
4002,14025,8810,Feb
7072,3305,11460,Aug
3896,2716,5801,Apr
5355,7845,9197,Feb
6094,7758,8317,Feb
3060,5655,2700,Jun
7482,8359,9733,Mar
5765,13183,11827,Nov
4795,10505,996,Oct
6263,4280,4674,Mar
5530,4622,8750,Sep
4943,11079,6030,May
6488,6342,7469,Jul
7892,4489,11824,Dec
7988,3922,12230,May
6422,8278,2153,Feb
7697,10115,7746,Nov
7079,10049,10398,Nov
4374,6029,743,Aug
6554,5063,2755,Sep
6673,10352,7499,Nov
4083,12379,13898,Feb
7248,12543,10366,Feb
3934,11675,7243,Apr
5588,5892,3192,Aug
7086,3737,6573,May
3558,6220,8730,May
7714,9080,3747,Jul
7120,12100,7121,Dec
4543,11562,2115,Apr
5383,12169,519,Dec
7099,5395,720,Sep
4008,4454,4271,Apr
4282,14451,7821,Aug
7359,6957,7106,Mar
3121,4287,8076,Jun
7117,11428,8942,Jan
3905,10150,12999,Jul
3140,8292,8328,Nov
4816,13366,13206,Jul
7302,11398,13983,Feb
7139,10696,1006,May
4029,13959,5241,Apr
5255,14812,9560,Oct
3345,11595,12682,Sep
5420,11959,5087,Dec
6304,5733,6938,Feb
6236,10892,7100,Mar
5595,13396,9861,Jan
4388,7113,5857,Oct
7018,14337,1239,May
3984,5005,10482,Mar
7431,6790,9115,Dec
5123,14313,3555,Apr
5995,14274,4887,Apr
5901,2010,2703,Jun
3776,7221,10675,Oct
6919,12250,4422,Jul
7982,5677,11089,Jul
3736,13011,2457,Nov
4487,11164,13030,Aug
3396,9334,5826,Mar
7779,13984,2289,May
5002,12646,6901,Dec
6448,7164,1084,Oct
3364,11033,6678,Jun
6288,8860,3700,Dec
4855,10105,1842,Jun
7189,14646,4690,Dec
7362,2284,13088,Aug
3744,8543,9900,May
3374,7570,11514,May
7190,7731,12385,Jan
7128,9611,11139,Jan
6735,4435,5285,Jun
7085,9523,9857,Oct
3140,13023,13780,Oct
6021,14712,5256,May
6293,3029,6525,Nov
4565,8584,7955,Oct
3058,10091,10997,Jun
6497,6451,1562,Sep
5188,4966,13092,Aug
5949,9755,12046,Jul
7474,2553,10539,Jul
3373,2267,9217,Jun
6135,9135,5002,Jun
4588,3240,10074,Jan
3778,6159,5481,Dec
7263,4489,7112,Jul
6223,9858,5468,May
6679,12780,6566,Jul
7680,7394,13777,Jun
5549,10661,5900,Aug
5944,5287,6184,Mar
3999,14128,12798,Aug
3560,4019,11414,Jul
6344,12215,7338,Jan
6502,11781,7853,Mar
7015,7313,2487,Oct
6679,12252,4567,Apr
7329,6317,5568,Sep
7656,7824,4604,Dec
3921,11611,12815,Jun
4243,11072,9377,Jul
3081,2838,8306,May
6621,10943,7154,Mar
5662,10461,11241,May
7799,13561,13369,Dec
3541,6827,12558,Jul
4275,8987,11517,Sep
5786,14903,4234,Dec
6487,5503,7304,Sep
6158,14152,1741,Dec
7718,9824,4000,Aug
5244,4075,10353,May
6043,3312,10742,Jul
4321,4284,13998,Apr
5994,10575,12830,Oct
5092,14372,6230,May
7059,14533,6030,Dec
6026,4808,3761,Apr
7155,10995,12829,Mar
3479,14527,7764,Nov
5666,11288,4343,Jan
4757,13934,5325,May
4799,14675,2481,Dec
7880,8521,1147,Feb
6121,8355,4423,Jun
5988,5719,11396,May
5579,6771,2482,Nov
4027,4696,10620,Feb
7474,14458,5755,Aug
7668,7796,11249,May
4955,2808,12824,Feb
6314,12343,2519,Jan
4565,5293,9514,Feb
3587,11497,5174,Jan
7453,5459,8571,Oct
3685,4419,7480,Oct
6269,6224,11256,Mar
6491,9571,3332,Mar
3659,8363,9712,Dec
4297,11388,9773,Oct
4526,6567,7602,Jan
5083,5524,6491,Jul
7608,8751,10714,Oct
4072,11717,4708,Jul
5321,8237,4175,Sep
5575,11791,11575,May
3210,11236,2279,Apr
3624,12345,10511,May
4806,7319,5196,Aug
7269,3867,5037,Aug
6750,3375,12453,Dec
7543,10130,8919,Apr
3011,7401,1373,Dec
3761,10803,12342,Aug
4328,8992,13933,Apr
4178,5316,5266,Apr
5371,3598,3928,Nov
6609,6949,9983,Aug
3977,8572,13482,Feb
5493,12169,6104,Apr
5390,14589,11608,Jan
5458,2638,9719,Jan
6674,6166,4049,Nov
5553,12114,8812,Aug
7136,2645,9433,Apr
4483,7884,4381,Jun
5311,8668,10201,May
6742,14461,9934,Oct
6840,12190,5289,Jun
5756,2089,7945,Apr
3823,13470,4852,Apr
6598,12558,7971,Jul
3461,11015,10782,Jan
7313,2550,11609,Sep
4741,10251,7559,Oct
5125,7224,6149,Mar
4445,7581,12473,Apr
6098,14414,10404,Sep
7470,6178,11327,May
3654,11435,5508,Dec
8000,5479,12456,Apr
6542,11137,7817,Dec
3744,11832,9285,Jun
3853,12144,1533,Jan
7927,8091,11531,Oct
4562,4633,711,Jan
6946,8790,6557,May
5677,5501,10097,May
4319,2889,6008,Nov
3122,10765,5517,Sep
7255,10704,12503,Jan
6728,9246,8622,Mar
3307,6160,8625,Mar
6983,12156,6979,Apr
4113,6051,11768,Dec
7847,4230,9613,Jul
4897,7185,10731,Jul
7687,9375,10891,Oct
3346,8197,4562,May
6912,4283,7848,Sep
3149,6984,8442,Jul
4040,2611,8445,Feb
4391,10629,3738,Dec
6905,11651,1993,Mar
7877,8837,12865,Nov
3118,9106,13199,Jul
3704,9275,2077,May
7384,10715,2097,Jul
5956,5577,2928,Sep
5025,8486,11687,Sep
7539,13590,812,Mar
7997,4261,11134,Aug
7397,3023,12673,Jun
7346,11771,7186,Apr
4958,10513,4575,Apr
7782,13318,503,Apr
5800,13023,12896,Jul
3998,9235,7561,Jun
3406,14467,9577,Feb
5849,12619,12880,May
3244,13172,5718,May
5415,5757,691,Jun
6857,10068,2880,Jul
4606,10641,1735,Dec
3433,3284,8262,Nov
7279,13710,11970,Aug
5807,3660,13414,Dec
4142,7353,11725,Oct
7127,2903,8431,Aug
6025,11369,13360,Nov
4173,10521,2903,May
6457,10828,6521,Feb
7198,12081,7920,Oct
4096,8010,7234,Aug
6906,12059,12983,Jun
5853,12707,8953,Mar
5456,2412,2869,Apr
6924,8639,2967,Dec
4391,5833,10626,Jan
7926,4415,4927,Mar
5837,4586,1759,Apr
3618,7571,13468,Feb
5597,11756,2554,Dec
7387,14802,1033,Jun
5470,10672,2619,Aug
7277,8557,2023,Dec
5703,12467,11357,Jun
6166,8280,10878,Oct
3260,14032,3957,Mar
6179,13503,3089,Sep
5292,4882,4919,Apr
7431,13935,7592,Jun
4047,4519,7244,Apr
7367,14805,2440,Apr
7058,6400,4236,Nov
6212,10846,572,Feb
4408,12169,3387,Oct
4401,2180,5857,Feb
4010,6125,9679,Feb
6407,5019,1845,Feb
6603,2764,12104,Aug
7228,6135,10478,Oct
5816,12558,9723,Apr
4745,13490,2506,Apr
5549,12971,9922,Oct
4546,12563,9102,Oct
3135,7038,10997,Nov
7863,8799,2319,Mar
5860,5390,7294,May
6479,11974,7713,Apr
7866,14972,3592,Jul
5142,3064,5789,Oct
4265,4456,3091,Jul
4773,7681,8083,Jun
3165,3346,3002,Jul
7421,12419,9353,Dec
5988,8997,9921,Jul
3620,11374,10048,Aug
3231,6132,3592,Nov
5781,4453,7561,Jan
6152,2538,2173,Mar
4378,12615,9780,Dec
4892,4303,12340,Mar
6753,8421,12242,May
6973,2248,13854,Oct
6233,14980,6502,Jul
3403,11232,10652,Oct
5775,3391,7808,Jun
7481,4172,12137,Apr
5608,3335,7159,Jun
4191,4259,999,Jul
3389,8615,825,Apr
6405,7534,13340,Nov
4774,10691,6533,Aug
3790,2810,1387,May
4495,6984,9687,Mar
5752,9348,4173,Feb
4548,9556,11732,Jan
3821,5713,8435,Apr
7037,5704,1428,Feb
7958,3210,11660,Dec
4480,5745,4903,Mar
5370,12178,5926,Jan
7066,9791,10614,Jun
6131,3491,8490,Apr
4464,9301,13257,May
4908,14462,11947,Aug
6066,8460,10346,Nov
6646,5048,1124,Apr
7029,6919,4844,Jun
6966,4934,2871,Mar
7847,8110,5199,Aug
4317,14556,8750,Mar
3182,3817,5616,Jul
5655,8613,11008,Jul
3961,6319,6737,Mar
7201,3275,9969,Mar
5655,9231,9378,Oct
6295,13214,8127,Oct
3990,4877,5110,Dec
7580,6014,1032,Nov
4726,6087,11867,Aug
3707,3147,12596,Nov
7116,2237,4997,Mar
7848,4122,4352,Feb
7331,9609,3904,May
4621,6595,3268,Nov
7702,11737,11616,Jul
7650,5983,3155,Aug
6422,14555,2640,Jan
7682,10134,8224,Dec
6581,7606,1073,Feb
3423,11178,2065,Jul
7016,3623,13758,Sep
6197,13313,10497,Mar
7554,13918,936,Aug
4915,9226,11773,Oct
5602,14093,11195,Mar
7011,2722,11154,Apr
7086,3095,4089,Feb
7942,5827,1898,Sep
6183,6285,10246,May
7647,2995,8191,May
6751,7681,11443,Apr
5059,6661,11621,May
4646,2992,13549,Dec
7593,4783,12519,Jan
6088,10347,12613,Oct
5793,12087,3766,Oct
5537,7682,6908,Dec
6260,11968,11385,Jun
5512,7961,11636,Nov
5091,6768,3997,Apr
7635,7760,12763,Dec
3568,7204,5456,Apr
3121,12308,2474,Dec
3316,9552,9558,May
3621,12612,13910,Jan
7064,10246,9745,Apr
3454,2084,5910,Oct
5735,7976,8242,Mar
5672,10147,3034,May
7708,9084,8073,Oct
3959,13080,8719,May
5009,14879,3717,Aug
7743,4779,2835,Jan
3763,8055,5176,Mar
4361,4669,11689,May
7336,14028,6895,Nov
5052,3008,7829,Mar
3197,4364,13714,Jun
3261,5686,2657,Oct
6909,8768,3191,Mar
7190,14539,7041,Jun
4281,4199,3842,Aug
3136,11551,2055,Apr
5546,2909,775,Aug
6486,5439,3236,Jul
3369,7882,12374,Nov
6663,4913,10039,Nov
7864,6695,3589,Apr
6455,3006,8078,Mar
7769,9114,8468,May
7607,13244,2672,May
7809,3143,12083,Jul
7916,9552,652,Nov
3545,14590,2104,Jan
7600,13412,7301,Sep
6424,3224,8224,Feb
7901,14070,10759,Sep
7806,6495,2326,Sep
5373,10259,8938,Mar
7484,14441,6009,Jul
7336,11206,1870,Mar
4098,2181,12239,Aug
5079,14812,5822,Aug
5527,8332,5628,Mar
7164,14307,6311,May
6712,6946,2191,Jul
6054,9450,7174,Jan
4944,4945,10842,Mar
4720,12249,11336,Jan
3291,12939,3890,Feb
6690,12072,2898,Jul
3975,13794,10973,Jul
3415,10846,10362,Mar
3851,5686,536,Jun
6778,4288,12108,Jun
5729,12391,2127,Feb
7642,4831,2839,Sep
6961,13600,6660,Aug
3742,12427,1871,Feb
3592,12703,1176,Dec
3750,10913,5572,Apr
5220,5248,752,Sep
3838,11392,3364,Apr
6131,12654,2116,Jul
6482,14865,10708,May
3534,10501,2731,Oct
7461,3025,6933,Jun
7463,6412,1260,Jan
4774,7902,3786,Apr
5344,11724,6801,May
5654,5643,7566,Jun
5571,10559,7334,Jun
3265,6650,892,May
6596,12844,11783,Mar
5035,3249,12234,Nov
6203,4983,9122,Feb
3382,6575,12422,Jul
6297,13220,1496,Jan
4167,13326,7648,Dec
5479,9447,9783,Dec
3389,14287,1600,May
5072,11131,8793,Apr
3395,6109,11391,Jul
6658,14429,9584,Feb
6257,6023,2760,Nov
7020,13883,10480,Aug
5240,9969,2680,Sep
7817,2589,5816,Dec
5860,3782,11788,Oct
5394,6568,13259,Jan
7569,11399,12376,May
5051,6412,2280,Apr
6122,14732,12306,May
3925,12535,12705,Sep
7972,11038,6933,Dec
6576,12616,9971,Mar
6283,6680,4508,Jan
6752,10990,7873,Nov
6355,2470,3786,Mar
7475,14101,11373,Apr
6398,6827,5017,Feb
6769,7067,3128,Jan
7221,12286,1038,Jan
5982,4994,2280,Aug
7576,5129,7105,Apr
6473,8167,12218,Dec
5618,3313,2848,Feb
6500,13070,5907,Oct
6593,13707,7669,Mar
3432,8546,2460,Aug
4113,11239,3591,Jun
7697,11279,7597,Aug
7952,9934,4062,Oct
5054,13873,5581,May
7254,7358,5401,Mar
7319,2282,2804,Jun
5450,9609,11192,Oct
3545,13840,2985,Aug
6159,3398,8428,May
5629,4733,11137,May
6452,6067,13964,Mar
3538,4357,8675,Mar
4437,13127,1148,Dec
5816,14010,10961,Aug
6766,5238,8390,Nov
6063,11964,4315,Jan
3260,14269,6779,Apr
7922,14294,10243,Sep
7412,9989,13413,Jun
7842,9210,13563,Jun
3719,2787,9994,Oct
5728,13416,3132,Nov
5902,10234,8403,Nov
3461,14488,11224,Jul
5855,13134,1768,Nov
7068,7784,2273,Jul
4703,6643,11781,Jun
6248,6321,7520,Sep
5978,14097,4127,Aug
4815,6728,1666,Dec
6481,7640,3048,Aug
4742,5410,2050,Feb
7072,3358,2640,Jul
3030,11396,6002,Dec
6494,13796,6508,Jan
3982,13185,6922,Oct
3231,12433,6346,Aug
5777,2537,4020,Mar
4252,14203,8428,Nov
7495,5868,7625,Sep
7191,6576,12346,May
4964,6525,9312,Jul
7571,5583,5907,Jul
6167,9898,3023,Sep
4779,3350,5267,Feb
7871,11136,13588,Apr
4148,5856,8862,Dec
5848,12015,6144,Aug
6851,4625,2919,May
5992,14090,11471,Nov
6071,13679,10108,May
3621,14398,6577,Mar
3964,6307,8177,May
5861,11042,1438,Jul
5143,4925,5430,Apr
4501,11187,6852,Aug
6190,8714,7443,Nov
4327,9197,10723,Jun
3122,8006,8111,Jun
7314,14953,8564,Jun
4077,10541,3677,Apr
6198,3537,11463,Mar
4183,13169,5851,Oct
3795,4728,5600,Jun
4625,9381,4296,Jun
7272,6346,3384,Feb
3292,4366,10423,Oct
3491,9028,1772,Sep
5809,12428,6907,Apr
6429,8868,2252,Apr
3634,5875,8170,Oct
6500,13286,7930,Dec
5173,8041,10648,Nov
6387,5601,12179,Dec
6908,6174,13700,Dec
7700,14833,2191,Aug
6469,2923,12857,Mar
3491,2618,9949,Oct
7661,6400,9123,Jul
7264,8342,5673,Jul
3759,13454,12957,Feb
4198,5303,10775,Mar
6444,12793,4405,Dec
4905,11239,6546,Apr
4651,11890,6580,Feb
7276,7580,13046,Sep
6192,12422,10990,Oct
3028,9600,6656,Nov
5751,12060,7314,Jun
5705,12846,7184,Jan
5880,10122,2604,Jan
7358,2082,5599,Aug
6726,2092,9876,Nov
5674,8760,936,Jun
5833,13348,4825,Oct
6110,9375,13618,Dec
7293,9837,13628,Jul
6597,8724,13407,Jun
6696,5048,11091,Feb
4461,3467,7508,Mar
5922,12216,9313,Aug
4434,14009,12405,Apr
7429,7489,9326,Aug
6537,4698,11704,Mar
4182,10983,2493,Feb
6406,2475,3175,Jul
7175,10695,6361,Jan
6915,2230,2840,Nov
7293,9021,10101,Mar
6192,11778,4316,Feb
4784,11966,9520,May
6723,13282,2781,Feb
7322,8833,7963,Oct
5643,4256,6322,May
6712,5970,9228,Mar
5961,14418,10094,Sep
7831,6838,9496,Oct
4580,2383,11973,Sep
4620,13355,7182,Aug
5967,12601,9543,May
7316,2760,10917,Oct
5341,7243,8597,Nov
4228,5952,1055,Jul
4729,2942,11835,Feb
6586,4695,8567,Mar
3202,3296,5841,Dec
6161,12594,5543,Nov
6274,4147,13015,Feb
4714,8874,10556,Oct
3753,11831,7900,Nov
3115,6396,6529,Jan
6981,2608,13041,Mar
5819,2881,7318,Apr
3469,12442,2594,Dec
3426,13284,3978,Sep
4576,12351,3430,Dec
4866,9316,11319,Feb
3834,12620,8945,Sep
7107,13193,4020,Jan
6704,6891,558,Sep
4409,8480,4202,Jun
6482,9505,10413,Aug
5171,3994,3107,Mar
3604,3323,5610,Aug
3213,9768,8956,Nov
6902,14509,2207,Sep
6739,3011,11906,Jul
5755,8903,2793,Apr
7636,14230,11979,Jun
7802,2688,2984,Jun
4759,6068,3235,Feb
7594,14405,11215,Feb
6069,14461,3955,Nov
3782,11434,1437,May
7222,5447,1377,Jan
6431,9897,11396,May
4527,9255,9238,Oct
3841,12236,2962,Mar
4342,10075,11895,Mar
7108,10632,4993,Aug
4501,11416,12270,Nov
3516,4462,6635,Mar
6463,7123,8481,Mar
6080,6178,12323,Jan
4148,8149,2715,Aug
6444,12944,12538,Oct
6257,3752,6226,Oct
5595,14634,6447,Jun
6657,6629,8921,Nov
4549,13194,13490,Aug
5087,7916,1927,Mar
6156,6546,6787,Nov
5351,13408,2199,Jun
3979,5359,12661,Dec
5306,7013,11757,Feb
6884,14134,2645,Mar
6048,13488,8698,Apr
5590,9604,7458,Sep
5007,14501,4772,Dec
5600,6014,9921,Apr
5509,2899,13086,Jul
7320,3189,2323,Dec
5140,2652,4484,Aug
3280,9996,10968,May
4194,2982,11635,Feb
4758,2575,9322,Nov
5046,10524,8961,Aug
3248,6307,12868,May
4385,10480,4271,May
4373,8753,13607,Jul
5914,12405,1000,Jun
6673,12365,6106,Mar
3045,14025,8439,Jul
5086,9740,6107,Dec
7512,3055,13777,Jan
5541,8026,3250,Apr
5371,6369,1812,Apr
5516,3324,2653,Jun
7183,5595,5236,Jun
7324,5827,1108,Oct
3623,12854,11735,Aug
6382,4323,5604,Dec
3485,3882,2163,Jan
5888,13255,3794,Jul
3025,3153,6424,Apr
4815,5370,2497,Jun
4226,10288,11121,Oct
4249,2276,6522,Sep
3779,7404,12891,Mar
5843,13039,11403,Aug
6701,7292,3685,Mar
4583,10523,2031,Jun
7849,12444,13866,Feb
4714,6198,4716,Sep
6592,13243,7884,Feb
7522,5696,4206,Dec
6139,12599,11766,May
7756,5202,7759,Jun
4518,4086,5002,Apr
5733,2306,9367,Dec
7643,2883,10346,Jul
5964,8663,13219,Jul
6864,8189,5504,Dec
6769,6289,12848,Jul
4497,5589,4044,Nov
6728,5641,4318,Jul
4736,9336,8587,Oct
4344,14536,7582,Nov
5268,7108,3943,Oct
6916,4162,6209,Sep
3049,8709,1547,Feb
5511,13339,11145,May
6335,7167,10023,Oct
6661,12975,12774,Sep
4747,5141,3160,Dec
3496,8131,8430,Nov
3634,6603,10954,Nov
7698,2154,13049,Feb
5818,5630,7558,Mar
5721,10652,6766,Jul
3176,3396,9455,Sep
6161,10982,11059,Mar
3639,8797,8577,Oct
6358,8594,3908,Aug
7393,5709,6801,Nov
3475,3867,7994,Aug
6828,11880,2184,Dec
4647,2576,13876,Apr
4959,9263,13156,Nov
7121,5764,1369,Jun
3349,12735,5623,Nov
3637,10553,11425,Dec
6615,2456,9605,Aug
6821,13441,6375,Dec
7323,14416,11823,Sep
7134,5561,7712,Feb
5618,5110,7227,Jan
4205,5529,10322,May
5162,6907,1042,Oct
5180,6968,2703,Mar
3348,10541,3435,Nov
4204,12884,1251,Jun
3983,6547,2611,Dec
3732,6083,9112,Nov
5601,2108,11062,Jan
3453,9751,7776,Dec
7074,3231,10178,Nov
5895,2576,6199,Apr
5235,2240,1046,Jun
3164,12830,5461,Feb
4448,9566,3057,Nov
6870,7809,2071,Nov
3102,12233,7084,Aug
7055,8721,9145,Apr
6708,2370,3191,Feb
4453,8054,7460,Jan
7787,12344,10449,Aug
5659,2097,5274,Oct
3536,7606,13061,Jan
4701,14383,559,Jul
4464,12140,13129,Jul
7220,10156,10109,Jun
7345,11687,10852,Aug
4972,12285,6711,Oct
4453,13129,1838,Jan
4594,12270,9158,Dec
3713,4455,7501,Jan
6656,5446,11002,Jan
7343,11597,8448,Jun
7577,6811,2971,Jul
7085,9827,9411,Oct
4449,4691,9927,Sep
6649,12937,9254,Oct
5014,2972,9674,May
3459,12940,11658,Jan
5844,11704,11027,Sep
3593,9806,5020,May
3498,4923,13341,Jun
5135,7001,13546,Sep
5450,2808,8601,Feb
7293,9476,2230,Mar
5812,14886,4839,Jul
3027,7963,8379,Mar
6917,7935,8537,Feb
4718,6230,8300,Jul
5254,2327,3547,Aug
6643,14486,10049,Sep
6656,2682,11067,Feb
6299,13523,11454,Feb
7699,2123,5725,Nov
7458,2753,2285,Jul
4284,10114,2462,Apr
4087,3606,7746,May
5016,8525,9880,Jan
4716,5578,6465,Jun
4727,6666,3178,Oct
3908,9208,6605,Aug
6464,11660,13868,Nov
7342,4845,13747,Jan
7443,4938,11699,Feb
7468,12118,5807,Jul
3809,8319,3623,Feb
5897,4427,3643,Sep
5171,10356,3300,Jun
6129,11701,823,Dec
7256,10156,12375,Dec
4151,8907,2702,May
6679,14902,6702,Jul
4335,9732,7942,Oct
3518,7886,2294,Aug
4289,14284,10940,Sep
3746,13002,2842,Jun
7516,11392,12085,May
6968,7168,12092,Jul
7236,5281,10667,Feb
7803,10810,3545,Aug
3698,4712,1807,Dec
6035,6954,1955,Apr
3475,5723,9654,Jan
6977,3686,10409,Mar
3511,9440,11121,Sep
3538,3606,5891,Apr
5261,14924,3039,Oct
5945,14124,4118,Oct
6875,14084,2878,Nov
4367,13995,9566,Mar
4062,14502,12362,Apr
7329,11545,2705,Mar
5308,6239,13219,Mar
3308,10810,1639,Feb
7499,7103,4091,Jun
3997,10545,5214,Oct
4285,2280,5214,Jun
7846,13569,11365,Oct
4130,6932,13222,Apr
3304,5550,10237,Aug
6892,3959,11535,Jun
3855,2389,13719,Dec
4746,7183,5167,Aug
3818,5867,8957,Jun
6650,6360,8793,Sep
3973,4053,8354,Mar
7134,7008,11448,Mar
4179,10359,7658,Feb
3105,8316,4473,Oct
3255,4166,10226,Jun
5536,10106,2769,Jul
3591,14461,11654,Jul
3525,13198,2983,May
3370,8272,1713,Jun
7198,2186,5235,Jul
5964,7182,11684,Nov
3664,14238,4929,Feb
3690,13132,9598,Oct
5647,11489,10273,Dec
5589,4645,10296,Jul
4536,3216,6495,Jan
5029,6627,1069,Jun
4857,13191,8595,Aug
6187,3205,2045,Jan
5770,8703,1408,Jan
5988,2227,4962,Jun
7476,4613,4583,May
4149,14901,3840,Mar
3781,4136,7447,Oct
7406,9311,7539,Oct
5154,13923,7612,Jul
3556,8958,2925,Jul
6297,2249,11910,Jul
6314,4272,7655,Jun
7493,13142,10857,Apr
5584,8038,9705,Sep
6708,5018,11898,Dec
6869,14960,7170,Sep
6044,4215,2372,Jul
6014,4157,5409,Jul
6845,3796,8897,Aug
4170,5244,1315,Nov
6263,10046,565,May
7023,2296,12737,Nov
3201,3927,2551,Sep
4891,4256,502,Jun
3012,9421,7926,Jul
4977,7201,824,Dec
4326,3457,6634,Jul
6372,5546,1104,Sep
7071,9361,5391,Jul
6557,13319,3082,Mar
7967,12500,11338,Jun
3366,5664,3622,Jun
3657,11781,8476,Nov
3161,9654,3614,Dec
3175,2095,11967,Jul
6471,5932,846,Jun
7061,11551,13869,Apr
3545,8912,12846,Jun
6855,8140,11419,Mar
4762,3739,11250,Jan
3957,13986,12081,Jan
3452,3352,3943,May
3082,6924,2754,Nov
4237,7757,8802,Aug
7912,3542,522,Mar
3447,7244,4316,Feb
5166,12859,10655,Aug
4620,2830,13574,Sep
4794,3605,2207,Sep
6315,6645,11774,Feb
7845,12939,7215,Dec
4174,14002,6553,Aug
3646,9937,4315,Feb
3379,8852,9438,Jul
5656,14850,1014,Aug
6585,8516,6787,Jan
6734,2221,3539,Aug
4141,5951,6361,Mar
6736,10722,3356,Jan
5014,8493,2841,Jul
3662,14318,9016,Oct
7972,11573,6836,Mar
3012,6117,3862,Aug
3388,7408,8306,Sep
6024,2753,3990,Feb
6834,14501,3007,Jan
4920,14999,8648,Aug
7492,3188,5667,Oct
5593,9108,3678,Jun
5709,9487,7931,Oct
7736,10600,3824,Jan
3100,12677,10254,Mar
7553,2796,2044,Sep
7077,7145,6351,Sep
5772,8677,11921,Jun
7170,2860,9217,Mar
5378,6171,13706,Aug
4864,10175,6672,Jun
7020,2365,5133,Jan
7271,3514,10441,Jun
6759,6936,6786,May
7593,4934,13414,Aug
7524,11775,9532,Feb
3035,2498,2765,Dec
5167,13433,13380,Jul
6640,3369,9404,Jun
6973,11443,8758,Jan
6381,10890,9452,Dec
6177,10116,6787,Aug
3176,12919,5760,Jun
5154,12442,9156,Mar
7688,12685,4691,May
4587,10323,13195,Jul
6659,7364,11881,Sep
6003,2090,5399,Apr
3953,14086,1967,Dec
7957,13389,5352,Feb
5872,2471,6601,Mar
7330,8084,8047,Jul
5715,11457,3260,Aug
6657,14789,6921,May
5979,13000,13148,Mar
4810,6482,1893,Jan
5807,7126,4193,Oct
7152,3111,12999,Jan
6760,2597,5878,Nov
6329,11099,2199,Feb
5971,13106,1620,May
7909,13408,5829,Mar
6135,9618,2071,Jul
4960,3354,13565,Feb
3806,9877,1228,Feb
6101,14138,12196,Mar
4576,13427,1115,Dec
6731,12896,870,Jan
3600,4389,12156,Feb
5616,6075,7267,May
6372,13842,5838,Mar
3612,2463,13419,Nov
4950,14130,13548,Oct
3561,3072,5442,Jun
5547,7446,9639,Feb
3627,2473,1619,Aug
5812,6983,10147,Apr
4611,2938,6831,Mar
6263,3310,11240,May
6783,9191,7519,Aug
3675,4340,2922,Sep
6723,5520,8090,Jan
3049,6056,13955,Apr
4387,3086,12303,Jun
4903,14855,11238,Jun
7723,13721,10032,Sep
6568,9697,12537,Jan
7373,9104,10210,May
5095,8732,6325,Oct
6843,2259,7260,Jan
7312,3656,10651,Jun
3230,13147,9402,Sep
6493,14471,5070,Apr
4686,13311,1073,Oct
4311,8290,11535,Oct
7142,7913,1007,Sep
3633,9973,7235,Mar
5423,2591,2722,Nov
5751,7867,8188,Jul
3333,11624,13479,May
4880,12679,1794,Oct
3507,7577,10389,Jan
7213,2228,1287,Jul
3943,12971,12481,Aug
3636,11560,5167,Jun
4590,3624,2733,Jan
4463,9090,9278,Sep
4992,5979,11857,Jul
7965,2739,4150,Jun
4735,8521,13301,Apr
5264,5174,3749,Mar
3113,7049,11393,Apr
5264,4647,6571,Jan
3427,12262,4536,Sep
4067,8436,9247,Feb
5812,7386,2209,Feb
7380,6571,12667,Mar
3834,8594,13082,Jan
3230,12226,11999,Oct
7481,14572,5712,Mar
7255,9480,2010,Apr
3824,3185,11278,Sep
5519,2589,6403,May
6668,6217,12238,Nov
7304,9648,8667,Jun
7270,3135,8052,Jan
4824,5420,12768,Mar
4105,12750,4006,Jul
4042,2001,6578,Jul
3708,2891,6932,Oct
4384,9882,13035,Dec
4892,14916,4133,Dec
4303,14748,11098,Jan
6022,10062,1961,Sep
3677,13191,6414,Jan
5565,5553,6852,Jul
6323,8069,2671,Dec
7758,13849,13762,Dec
4564,11163,8428,Feb
4261,8957,9094,Sep
6204,14341,8975,Dec
5354,13934,7306,Dec
3358,6204,6615,Sep
6235,10471,8932,Sep
3419,7784,12954,Apr
7738,3698,5156,Jun
6956,13079,10887,Dec
4594,4884,9392,Feb
7603,13477,3170,Mar
4386,5579,10611,Jun
7408,9195,4860,Jan
5752,4251,3048,Jul
3245,6640,2826,Feb
7573,4356,3296,Aug
3615,14815,7546,May
3250,12123,2706,Jul
6094,5414,5679,Aug
4596,11200,13286,Mar
4930,14904,2110,Jun
3511,7708,9179,Dec
6968,4078,964,Sep
7870,6195,4823,Apr
4366,4714,9357,Oct
3924,8947,5975,Jul
3074,3338,10181,Jan
3809,14782,7465,Dec
5879,5689,1298,Jul
5268,8614,3300,Sep
5127,2741,11990,Oct
7331,2733,3740,Aug
5205,9839,3855,Apr
6680,3806,4429,Mar
7738,12570,13049,Jul
7717,13457,12565,Dec
6659,3753,1359,Jan
3985,9358,9055,Aug
4299,7857,8188,Dec
6745,3024,12624,Jan
6281,11674,10837,Jul
6956,7764,13823,Jun
5654,7209,11523,Oct
6688,12757,13370,Aug
5963,5554,5522,Jun
5947,11971,8084,May
6046,13908,12264,Sep
3860,8216,6902,Apr
5086,6818,9607,Jul
5728,12308,2274,Jun
3377,6566,3865,Oct
7472,12731,8514,Jun
7691,7325,8842,Nov
5795,13157,7925,Dec
4066,12952,13655,May
6683,8894,11912,Feb
5008,12646,3521,Apr
6202,9082,4737,Jan
4052,13946,6894,Sep
3629,12137,4317,Sep
5374,5368,13694,Aug
6975,4629,9762,Apr
4184,8942,12135,May
7842,10720,12881,Jan
4278,6232,1260,Apr
4952,8661,4951,Apr
6922,9877,5127,May
6425,11663,3239,Feb
4326,8275,7939,Feb
4172,12227,10709,Dec
7317,14226,6048,Feb
6770,11559,7291,Nov
4872,3719,8416,Aug
6632,11233,7345,Dec
5311,5487,7367,Feb
5344,10175,9608,Jun
6387,7844,4443,Feb
6068,10751,3960,Aug
5340,11756,1992,Jan
3684,13416,4121,Feb
3876,8475,9418,May
4055,7869,13553,Jun
6754,8462,10301,Sep
5603,3800,5518,Jun
7015,13462,8662,Aug
3349,12003,13440,Dec
7315,7075,13692,Jul
4023,13273,7250,Jan
3450,6262,5341,Feb
3504,2146,9631,Apr
3086,5828,7968,Dec
6323,14732,587,Jan
3523,4117,1062,Aug
6152,7447,1768,Apr
6693,7014,10182,Jul
5509,12855,6061,Jul
3630,7947,13229,Aug
3018,2318,6545,Sep
4269,14161,11771,Sep
4177,14323,10264,Jul
4633,7749,5154,Sep
7596,2254,3671,May
7554,11528,8012,Oct
6770,7057,8352,Apr
6614,10526,3300,Mar
3115,13283,7346,Jun
3753,6393,12105,Oct
7865,3044,5538,Nov
5401,14765,9949,Sep
4871,3791,5388,Apr
5589,4519,13477,Feb
3322,2961,13264,Nov
7322,5749,5280,Mar
6828,6565,11111,Mar
7457,9516,1643,Feb
3834,4814,13329,Sep
7208,2589,7203,Apr
3212,3988,12966,Mar
4257,13031,11857,Oct
3159,5865,11306,Jun
5620,12625,1247,Aug
4348,4989,7594,Nov
6165,14140,6945,Aug
6213,7665,12181,Oct
3911,6541,11325,Jun
5452,3960,3988,May
6804,14386,10539,Nov
3404,10846,12717,Jul
4842,3078,9837,Mar
5649,5074,2604,Dec
4691,11547,4356,Oct
6486,7029,5619,Feb
4257,11650,5758,Aug
7289,9386,3268,Nov
6185,13474,4559,Dec
4643,6756,2308,Sep
6353,8375,5980,Dec
3523,6695,909,Jun
7446,2919,1145,Apr
4945,11938,12612,Jun
6572,3758,2051,Dec
4561,3831,5862,Jul
7748,11363,1613,Dec
7731,5278,4087,Aug
6595,2359,561,Mar
3593,9586,9927,Dec
6894,5810,13035,Jun
5669,3440,2227,Oct
6903,13111,5092,Jun
3756,3719,8668,Oct
4300,7672,13246,Jul
3497,13445,3466,Apr
7869,2555,3860,Jun
5422,11425,6162,Feb
4599,14112,8570,Aug
7280,14231,10104,Mar
7128,4297,12276,Sep
7379,3535,10425,Aug
7932,8282,7200,Dec
6591,7085,4130,Jun
7782,14250,4369,Oct
3462,13494,5700,Feb
7967,11101,11183,Aug
3368,3961,2539,Nov
5706,10142,13579,Jun
6324,10203,7954,Nov
3166,2979,1807,Jan
6687,2272,12704,Jun
7083,14775,7134,May
6048,9257,2224,Jun
4729,12189,6170,Jan
7698,7144,5190,Apr
6670,6633,2955,Jul
6175,10110,1441,May
5174,3688,7592,Jun
3038,3595,5795,Feb
7444,5242,10728,Aug
5022,6683,8188,Oct
3734,9614,10505,Apr
7522,7839,3561,Jun
3648,7786,11086,Mar
6303,11907,13059,Sep
3320,7129,9976,Aug
7608,14530,9087,Jun
5554,11393,4263,Sep
6179,4845,12941,Oct
4723,10448,8194,Sep
4757,8138,9782,Feb
6679,2309,3388,Sep
6779,12755,10414,Aug
5516,7334,4943,Feb
6848,9197,4506,Sep
3938,13609,1586,May
3765,11280,6999,Dec
3653,14923,1804,Sep
7081,3176,11804,Mar
6603,8183,7010,Apr
5130,5097,1514,Jan
7577,13422,13064,Nov
6965,3724,8912,May
7612,4628,6348,Jul
3187,8144,12497,Jul
3146,14366,9818,Jun
7248,13491,11948,Jun
4387,3350,10622,Aug
7189,9725,10814,Nov
5588,2619,9164,Oct
5697,4548,5620,Sep
7013,11570,915,Apr
7698,7243,2368,Apr
3049,14250,4612,Aug
6330,2977,2033,May
6590,7543,8422,Oct
5589,11729,1962,Sep
6482,7853,8198,Jun
3775,5772,2365,Sep
7642,13770,4509,Dec
4261,4533,11822,Dec
3650,10669,10428,Apr
6440,13846,11878,Jan
6049,3894,8473,Apr
5024,12572,8210,Sep
4081,11824,9163,Jul
7271,7351,3677,Jun
5075,4040,11618,Feb
7243,3565,3365,Apr
7964,6125,3697,Jan
5313,6268,2961,Mar
6475,4839,8282,Feb
5306,2467,4081,Apr
6261,13739,9192,Apr
5875,12167,8494,Nov
7839,5388,620,Sep
7806,10176,2275,Jul
6311,8540,1106,Mar
4351,14412,8629,Jul
4094,9247,7875,Aug
6777,4743,13137,Dec
6097,12766,1319,Jul
4855,7642,11956,Aug
5267,11611,1283,Sep
3561,12069,2346,Jan
7988,3026,8060,Oct
7693,6631,13284,Jun
7546,10792,891,Apr
5384,5592,8380,Jan
4826,2987,12437,Feb
4684,10797,1632,Oct
4199,9238,11668,Apr
4010,4747,11209,Jan
4772,10330,4945,Jun
4708,12249,13562,Jan
7536,13778,10888,Sep
5273,7650,12152,Oct
5613,6225,5818,Mar
7342,6496,6062,Dec
4543,11436,4939,Nov
4238,10833,1176,Jan
5976,2436,6751,Jun
4725,3423,1094,Jun
5264,11328,12576,Jul
3283,5721,11843,Jul
5621,7674,3824,Oct
6287,13481,6668,Nov
3172,10249,6926,Apr
6457,3136,8230,May
4883,10891,3434,Mar
5276,3145,5533,Jun
5622,12647,7263,Jul
3601,7579,6586,Sep
6791,11300,4833,Sep
5024,6495,11677,Dec
3467,8499,11055,May
6951,8242,1339,Apr
6890,10299,3010,Jul
7393,12176,12461,Mar
5593,14439,5187,Apr
4020,11097,3387,Sep
4548,6945,3543,May
7757,3992,2131,Oct
7750,6122,1905,Jul
7898,14406,8132,Feb
7437,12339,6615,Sep
3704,14290,12937,May
3853,2805,6995,May
3306,3992,2989,Apr
6579,9496,4990,Aug
4934,5600,12128,Nov
4788,14591,505,Apr
6788,14464,3081,Feb
3874,6010,8911,May
4582,10275,11610,Mar
6958,6358,8703,Apr
7591,7315,3342,Mar
6333,5320,6004,Jul
4686,9549,7347,Jun
4606,4505,9149,Feb
3896,9828,10964,Nov
6264,9885,8858,Aug
6425,4456,7783,May
6854,9248,2473,Jun
5347,9868,10636,Aug
6532,8349,2695,Nov
5475,8963,12823,Nov
4862,5062,8074,Dec
5764,5852,8643,Jul
7853,6990,8052,Nov
3031,2387,4328,Mar
7008,9037,5585,Feb
6456,8910,5237,Mar
3243,4003,739,Aug
7782,11223,9608,Apr
4499,7745,3452,Aug
7669,3540,12130,Apr
6423,10641,1355,Jul
7004,5547,11356,Jun
4660,14629,3738,Oct
6229,11288,1053,Jan
3599,11051,8634,Nov
5196,2301,11505,Aug
3070,9104,10577,Jun
4394,4019,11637,Feb
6660,11072,9920,May
4650,12473,8886,Dec
5282,6161,7838,Feb
6683,2229,12379,Oct
5684,11113,6494,Jul
7563,9710,10117,Nov
7653,3832,12511,Oct
7990,10242,3193,Jun
7932,5678,12445,Jul
4311,9496,2471,Jun
7714,6482,5902,Oct
7230,13973,9191,Jan
7104,10944,13954,Mar
5076,7887,4614,Oct
3783,3478,4273,Feb
6807,4088,4147,Jan
4334,8040,8409,Jan
6718,10152,3366,Apr
7637,4993,1186,Nov
4058,13987,2567,Jan
5055,5340,6407,Feb
6402,4343,12613,Jan
5110,9188,947,Dec
6158,3238,10458,Dec
6797,14712,9816,Jun
6649,12428,793,Nov
4321,14448,4660,Apr
7418,8856,3046,Aug
6700,7660,8767,Nov
3733,12620,7544,May
6634,6339,4275,Oct
6550,10374,11374,May
6663,10735,11888,Nov
7645,4826,10766,Nov
3605,9091,9991,Aug
4723,2092,11419,Nov
5405,4415,4678,Oct
6483,6254,4034,Jun
5813,12637,2553,Jun
4582,10126,7612,Mar
5279,6533,2199,Jun
5351,8516,13155,Oct
6624,6401,3018,Jul
3715,5032,10429,Feb
3925,12165,6068,Mar
6163,5289,10622,Jun
7154,12568,7332,Oct
7530,6438,9061,Sep
7079,8867,4239,Sep
5570,5234,4873,Aug
5816,7997,839,Aug
7579,8301,3362,Sep
7463,3133,1113,Nov
3889,13830,1603,Nov
6479,12589,12469,Sep
6590,12965,9484,Oct
4724,14652,7246,Nov
4259,12112,8758,Sep
3411,4062,13002,May
5231,12392,5011,Jun
6195,6627,7812,May
5206,13206,13339,Jan
5061,5471,12487,Apr
6899,2468,5905,Nov
5614,3344,1070,Jan
4813,11070,9231,Dec
4803,14654,5856,Jan
6907,8098,616,Mar
3678,14101,10890,Jul
5911,5807,13894,Jan
7714,6736,7724,Jul
5252,6957,3531,Oct
6005,13133,3956,Oct
3795,5345,3551,Jan
3729,2588,11173,Sep
4694,5883,11059,May
7735,11521,10326,Jun
3191,2091,8933,Dec
7995,2457,9156,Sep
4997,13533,10942,Nov
5108,3884,13336,Mar
6867,5121,8307,Mar
4490,12231,7802,May
5110,9642,13645,Jul
3638,7611,2378,Mar
7046,9952,5381,Apr
7159,11595,5136,Feb
5820,5703,3034,Sep
7112,6482,10597,Oct
3842,3981,4309,Sep
6952,11984,9263,Nov
7059,6466,6105,Feb
6248,4231,8233,May
4217,10963,11400,Jan
3899,7781,4141,Aug
5223,10396,12196,Jun
4258,12411,12311,Oct
4515,10413,1156,Oct
3417,11383,3651,Feb
7547,5315,9640,Feb
5884,13481,4610,Oct
6827,7175,11714,May
7376,3598,7707,Jul
7340,12100,13892,Sep
3675,6262,806,Sep
3103,3542,9396,Dec
5358,10333,4992,Nov
6994,2089,9369,Jun
7028,14177,11604,Feb
6709,6406,12685,Jun
7213,7490,8902,Jan
4496,12455,4994,Nov
7859,13704,1896,Nov
6393,5706,3960,Feb
6507,3209,4853,Dec
5786,6978,2662,Mar
5235,5224,13121,May
6660,6856,13136,Oct
7881,9793,10972,Jan
6733,8239,8176,Dec
7803,8853,5044,Oct
7892,11551,3648,May
7569,3538,12772,May
6526,2148,1327,Apr
6518,10065,3155,Mar
7778,9699,10837,Jul
7190,3425,7211,Nov
7832,3717,12393,Jul
5530,11546,13249,Jan
4914,12597,9191,Jul
5458,4635,11370,Mar
4151,4363,9753,Mar
6859,13124,8364,Jun
7138,5107,8025,Jun
7137,7628,5670,Nov
4511,3501,3996,Apr
6971,3451,6594,May
6916,10641,4722,Mar
6253,3835,9818,Mar
6750,14377,2489,Sep
3744,12780,11216,May
5766,14463,11992,Jan
6939,11635,11462,Sep
5512,7851,7079,Oct
4074,4948,6004,Jun
6218,5935,4680,Sep
7394,8830,1882,Nov
5193,5709,13573,Jul
3016,13434,4667,Nov
6554,3289,3666,Oct
3107,2503,3135,Oct
7315,9951,6045,Jul
5969,7051,9721,May
7467,5097,5709,Jul
6046,4147,10310,Oct
5858,11657,12939,Apr
7350,6520,12320,Nov
4429,3897,9927,Nov
5009,5716,11322,Jun
6102,10842,5882,Feb
6637,13454,4483,Oct
6472,3210,1905,Mar
6032,4187,8237,Feb
5922,10058,6700,Oct
7446,5820,6242,Feb
3879,2368,12929,Jul
5513,12536,7211,May
3311,13463,10239,Jun
4115,4843,2384,Mar
4322,5450,13819,Oct
6397,13343,13997,May
7376,5518,5672,May
3967,8644,2684,Nov
6190,14546,6817,Apr
3695,11828,7503,Oct
5615,5860,8910,Apr
3271,3144,7930,Dec
4412,5126,4850,Aug
6028,9660,9503,Jun
6125,2017,8961,Nov
4754,7999,6867,Feb
7937,3656,13670,Feb
4822,14397,5199,Feb
7336,14618,11897,Jun
6286,3596,9878,Dec
3361,11137,2233,Jan
6436,3287,13488,Mar
3734,2267,3467,Jan
3852,2434,572,Apr
3860,4035,5493,Jan
7797,4497,6617,Sep
4351,8440,8385,Nov
7085,8037,5542,Dec
5884,9806,13330,Nov
6548,5208,8561,Jun
7919,3613,12753,Aug
7193,10910,1130,Feb
3327,14170,11534,Jun
5121,9164,6103,Apr
3994,4231,1377,Jul
4767,13864,9448,Aug
7429,8463,11357,Jun
4181,10932,4793,Jan
4965,7695,10142,Aug
5782,10996,3040,Nov
5906,6512,581,Jan
3099,9960,1831,Sep
5780,6886,10414,Feb
3244,5771,8455,Nov
7038,11918,856,Oct
4501,8023,10011,Jun
5710,7904,1079,Aug
6054,5512,13087,May
7463,11290,1145,Feb
6227,12813,6763,May
4048,13997,10925,Jan
7379,13202,11323,Aug
4316,13175,11991,Aug
4387,10103,8999,Feb
6921,13896,733,Jun
4738,13575,1534,Nov
3422,3844,10914,Aug
6802,5924,11512,Oct
4412,13291,13430,Aug
6250,14713,6517,Dec
7571,6881,5621,Jul
5453,2534,2235,Mar
5084,9577,4777,Dec
7454,7730,1441,Nov
7654,10476,849,Apr
6679,9987,11378,Jan
4351,12861,1905,Sep
5368,13978,7964,Oct
7834,11321,12319,Oct
6341,10695,2045,Feb
5573,6141,4820,Oct
7121,9936,10443,Jul
6845,10728,2246,Aug
3640,10253,13073,Apr
4575,7861,8396,Nov
6229,7201,1854,Nov
7270,4383,12324,Oct
3186,10402,7830,Jan
4319,4447,4788,May
3528,6804,9860,Oct
6260,12586,5266,Oct
6484,5269,6457,Jun
6020,10568,12736,Jul
7780,11377,7335,Jan
5234,13471,3085,Apr
4568,8964,5207,Dec
3575,9062,1400,May
5035,5498,3841,May
4325,4847,12838,Jul
7405,9658,8194,Apr
4213,9446,627,Oct
4435,10083,2175,Jul
3538,10978,2277,Aug
7954,2732,5665,Feb
4575,7063,8925,Jan
3193,14060,11187,Oct
4187,9313,1083,Oct
7149,9236,1966,Jan
3475,4699,9194,Jan
7270,14809,7250,Sep
4814,4158,13709,Apr
7796,13812,13072,Sep
5438,5664,1655,Jul
6380,12847,10191,Jul
7553,11270,8460,Feb
4355,9811,1435,Feb
6401,13486,11283,Dec
6755,13838,855,May
6530,10153,2494,Oct
3159,6619,5656,Jan
4838,4193,6781,Jul
7612,12503,10137,Nov
4026,6563,11351,Jul
3659,11776,7909,Nov
3678,5006,5864,Aug
7411,6044,11972,Jul
7047,3210,4474,Aug
6822,13606,3004,Mar
5376,3986,2646,Mar
3276,5170,8169,Aug
7548,12918,7804,Sep
4589,9473,1710,Oct
7582,3748,6679,Apr
7663,2757,9321,Aug
3246,11369,11409,Jan
3889,2918,5382,Feb
5212,11311,7324,Oct
7026,10897,6698,Oct
3001,8054,10186,Oct
5911,6929,1607,Sep
5185,13622,11769,Feb
7247,4861,5486,Feb
6252,6494,3934,Aug
6052,3807,8523,May
4511,11591,11746,May
6772,4649,3315,Nov
4129,6423,7561,Jun
3698,3295,12473,Aug
4089,11812,2535,Aug
5420,4442,7307,Sep
5629,9639,7473,Oct
6790,4595,669,Nov
3686,7137,12523,Mar
5757,14364,10988,Sep
4843,3072,13449,Nov
4733,6075,13699,Mar
7836,11641,11479,Jan
7367,5942,12007,Dec
4973,3771,9323,Nov
3711,7675,9496,May
3325,3017,5515,Jul
7894,5692,7397,Mar
5968,14416,3534,Sep
6800,10710,13828,Jan
5595,4351,11779,Jun
4093,11327,4980,Dec
5956,4772,3912,Dec
3212,2911,5488,Jun
4582,11007,7630,Aug
6832,2973,4369,Mar
4444,12154,6599,Dec
7144,13058,1291,May
7327,12602,12833,Nov
3579,5102,11243,Oct
5998,9462,4341,Nov
4755,3800,11906,May
5980,2808,3856,Aug
6606,7438,8022,Jul
3422,7133,5425,Mar
3611,10761,11264,Jul
3446,2969,5574,Oct
3961,6079,12596,Aug
3131,3879,7200,May
5648,5319,2594,Nov
7080,6705,13315,May
5435,8611,6750,Nov
6730,2387,9307,Jan
7432,10067,13753,Aug
4025,7957,5752,Jun
4653,4489,12685,Jun
3538,9509,7503,May
7592,10707,4796,May
6084,7937,2801,Mar
3508,5844,10922,Dec
6925,4890,5769,Mar
3681,14332,10264,Feb
5613,3442,11720,Sep
7877,2722,11229,Aug
3760,10947,1004,Nov
7224,4250,2445,Mar
6148,3908,2361,May
5194,4586,4222,Oct
5547,10577,4183,May
7656,8126,903,Aug
4223,8773,4831,Jun
6575,13207,10311,Jul
6024,14647,3406,May
6281,10190,11705,Dec
4072,6087,12308,Jan
3541,11683,5228,Aug
3511,7078,8209,Apr
7451,10142,2069,May
3345,12159,12408,Jan
7243,14492,639,Mar
6370,5318,5183,Feb
6823,5038,7230,Dec
5380,11264,10535,Feb
5481,14653,12070,Jan
3399,12492,11656,Jun
6407,2768,5562,Aug
6281,12871,5165,Mar
7683,11178,11861,Jan
6767,14704,2672,Oct
4295,13298,6579,Feb
6252,7557,3920,Mar
6510,12551,6777,Jun
5036,7262,11735,Mar
7834,2196,1749,Sep
6850,13236,6564,Dec
4778,4307,3197,Jan
3380,3389,3253,Jul
6764,8739,13126,Oct
4662,7311,5434,Aug
6059,5558,6965,Sep
4307,12773,4384,Aug
5466,12263,7754,May
7452,4990,594,Jan
3016,7997,4791,Jan
7411,11861,12979,Aug
5581,11609,13309,Jul
5593,12918,13540,May
7790,8253,6280,Oct
3069,8233,5583,Mar
3411,14324,10367,Sep
6124,13061,8704,Apr
5860,11778,2801,Jun
3919,6667,4583,Nov
7836,6402,6619,Apr
4491,8205,6724,Sep
6806,14592,872,Apr
6344,12418,4989,Aug
5487,13928,6351,Nov
5578,11123,6528,Dec
3273,8988,9109,Dec
7555,11734,13870,Mar
3820,3992,1316,Aug
5616,13898,13561,Nov
7957,6059,10495,Mar
5545,9203,4112,Nov
6985,8893,12096,May
7891,13741,11631,Jan
7901,5144,8247,Jun
5982,8882,6850,Nov
4891,9470,7939,Feb
6040,11726,1832,Dec
7936,13328,11938,Mar
5683,4674,6861,Nov
3603,6548,1255,Jan
6938,11052,4025,Nov
4433,3552,2296,Jun
7463,8014,12661,May
3256,3392,3559,Oct
5488,12071,2677,Feb
4359,10572,12248,Nov
6702,7338,2550,Aug
5483,2648,2489,Sep
3690,14533,8018,Mar
6533,13813,9246,Dec
3308,8394,6309,Jun
4697,6660,6113,Jun
6167,13609,8957,Oct
3409,2820,9614,Jun
6952,2471,10763,Aug
3826,10054,9225,Dec
4192,12208,6476,May
5135,2121,12675,Oct
6095,7445,2193,Oct
7194,9695,13667,Aug
4775,6876,2551,Dec
7417,4795,12382,Mar
3534,6216,13595,Jul
5868,4186,11523,Jan
4208,4134,13019,Apr
3417,4177,3420,May
5777,4299,5345,Jul
4238,7981,4667,Jun
7944,3383,6731,Jun
7766,13693,5123,Feb
4944,6142,9577,Nov
5181,3968,7246,Feb
5101,13854,6639,Feb
7837,8644,1958,Oct
7119,12025,4295,Dec
6675,14139,11847,Aug
3460,4472,3910,Jul
3650,7494,4524,Jan
7578,14398,6769,Sep
3120,11442,1062,Nov
7769,7906,6592,Nov
5256,5110,7492,Aug
3318,10326,12718,Sep
3868,10801,7508,Apr
6227,11249,8296,May
3394,13226,6159,Nov
5553,8571,6584,May
7409,12180,3471,Nov
6229,5774,844,Sep
5062,12438,7111,Aug
3077,6655,7624,Oct
6411,2258,6784,Jun
3409,8868,13817,Nov
7093,8817,3216,Oct
5268,7744,11370,Nov
3744,14092,10364,Oct
7529,11107,6160,Jan
5854,5942,7732,Jul
6835,2237,11819,Sep
6998,5355,5393,Dec
4832,10879,12645,Apr
3988,9904,1619,Apr
5702,8601,10604,May
6713,7706,11694,Aug
6908,3158,2762,Nov
5865,12321,1242,May
3755,2594,12845,Apr
3676,12893,5501,Aug
7928,3750,11144,Nov
7124,2402,5803,May
7512,11013,11460,Aug
4711,5838,7830,Jan
6476,12427,1282,Mar
3542,4540,596,Jul
3165,7878,9278,Dec
5256,12494,13899,Jan
3985,9490,7161,Nov
5662,11889,13874,May
7469,14120,13328,Jun
3618,7534,5411,Dec
6914,7286,2738,Jan
3069,3613,9608,Jul
6425,14772,3849,Sep
7197,8579,11278,Sep
3001,7651,12872,Mar
5399,5679,2988,Apr
5055,5552,4293,Jan
7414,12419,8317,Apr
3186,13870,3337,May
7824,9238,2886,Jul
5510,6996,7896,May
7439,3464,2341,Aug
7809,14931,9894,Jul
6080,8282,5866,Jan
3136,6882,13791,Dec
3383,8245,8564,Feb
7282,8611,5269,Jul
5687,5100,9421,Mar
3928,6113,816,Feb
6444,12148,7953,Nov
3561,6093,575,Dec
4190,10124,5569,Sep
3898,6851,11738,Dec
5369,10878,703,Oct
4739,12228,8395,Aug
7954,5579,7067,Aug
6046,10792,12980,Mar
7381,11235,7960,Nov
6873,7445,4275,Oct
5399,11571,11636,Sep
7762,6528,8578,Aug
4394,9566,7424,Dec
5589,11233,8080,Feb
6467,3573,6058,Jul
5025,14663,4855,Aug
6686,7720,3551,Dec
3930,11555,3163,Jul
7310,11202,9123,Sep
7400,3256,11455,Jul
6227,3127,13483,Dec
4404,11215,7884,Jul
3200,13886,3662,Jan
6752,4784,8889,Feb
5286,14508,5578,May
3671,8081,538,Nov
4729,3049,11210,Jan
6239,7183,10818,Dec
4250,4301,9420,Oct
3879,11346,12591,Jul
7347,2029,3665,May
6352,10978,5279,May
5524,14297,6686,Aug
3498,13352,12919,Sep
4988,11362,2624,Oct
3978,5198,7899,Jan
6045,12937,4634,Oct
5749,3364,6794,Apr
7880,11733,4271,Nov
5477,14338,6038,Feb
3539,6493,3757,Sep
7041,10505,6961,Sep
3901,4695,11898,Jan
4467,14801,5888,Mar
6016,8645,8400,Oct
7306,10721,11290,Aug
4734,7880,13127,Feb
3491,10149,12005,Feb
4710,7859,1744,Feb
4754,12658,12779,May
4919,12433,1157,Sep
5035,10503,11657,Jul
5712,2995,2199,Jul
4487,8865,4956,Feb
4501,9496,6568,Feb
3198,12715,8547,May
4968,4631,11735,Dec
7617,2263,13116,Jul
4535,9684,10491,Jul
4714,14044,6463,Sep
4349,10212,6735,Mar
7784,12716,5035,Jan
7563,14836,7773,Sep
6845,11388,12318,Jan
3596,7043,12669,Aug
3139,7116,2476,May
4015,5133,8437,Aug
3242,10397,13620,Jul
5364,3636,4169,Sep
3733,10822,4692,Feb
3135,12418,1437,Sep
6260,9811,6096,Oct
6762,12581,1789,May
5627,6535,5170,May
6141,3098,2650,Jan
5487,2289,7921,Jun
5125,4604,13616,Oct
4511,2207,9204,Oct
4819,14006,13453,Oct
7854,10463,2016,Oct
5797,5678,10774,Mar
7513,10606,1904,Oct
7303,5468,4992,Mar
4644,14671,6670,Mar
5769,11476,10623,Apr
7407,6986,10577,Sep
6365,11854,2853,Aug
4400,14206,12499,Dec
4551,11233,11438,Jun
6412,6090,1080,Aug
3083,8803,10904,Aug
4480,4294,3829,Jan
5921,13905,8793,Sep
5284,4461,5050,Jan
5441,9945,12980,Nov
4783,11535,12534,Feb
3605,7673,3463,Sep
7334,12954,13685,Jul
3731,12420,13597,Oct
4361,5367,798,Jan
5079,2943,4616,Mar
3978,6156,544,Jan
4638,14251,8147,May
4982,2165,3043,Apr
5951,3905,4359,Aug
6301,5056,5278,Sep
7005,11515,4894,Dec
3583,14942,4052,Apr
3460,2350,3655,Mar
3136,12502,11823,Apr
4977,5309,787,Mar
3978,7661,4205,Jun
3284,2931,1016,Jan
5898,5838,2701,Feb
5399,11305,7077,Aug
7113,12378,13129,Mar
4239,10058,8602,Apr
6467,3989,12873,Dec
5462,11577,4158,Jan
6167,5484,7422,Mar
6705,9886,4786,Jan
5054,3116,12015,Nov
3780,10325,12768,Oct
5135,14143,13879,May
5237,11419,4436,Jan
4640,8962,9861,Dec
3420,7967,1490,Sep
4827,13301,5471,Jul
6139,12696,12397,Nov
6690,13797,8221,Aug
7956,9904,2351,Sep
3207,12073,8689,Oct
6391,6533,3209,Aug
6871,10871,4507,Mar
6797,12886,3121,Jul
5535,4669,2678,Jul
5181,11439,1338,Jul
7211,3191,13746,Dec
7307,3130,10247,Aug
7228,3403,9914,Apr
4398,12263,5434,Nov
7250,7630,10735,Jun
4447,11522,10125,Feb
3952,7030,8604,Jul
7022,3381,7838,Sep
4718,2369,1668,May
7243,7092,7848,Apr
6806,5794,1447,Feb
6199,8314,660,Jul
7811,7700,13251,Feb
4597,12682,11823,Feb
6734,11368,3127,Sep
6217,10567,3035,Feb
3907,4760,2772,Oct
6751,13482,3963,Mar
7059,3943,5304,Mar
5155,2957,660,Feb
7925,11002,2284,Oct
4338,6922,10636,Mar
7107,8629,7098,Sep
5496,3533,3682,Nov
5975,14622,12666,Nov
5443,8885,4124,Nov
7474,10601,12436,Mar
3361,2053,9458,May
6065,6796,2527,Dec
7738,11290,12698,Jul
3573,4396,8876,Jan
4956,11166,2396,Jan
6045,9851,11987,Oct
4585,14680,2904,Feb
5234,14841,3039,Jan
6293,13086,1232,Jan
6247,13471,10313,Oct
4815,6921,1077,Apr
7042,9253,2661,Oct
4890,6839,9069,Dec
4900,12416,4348,Dec
5656,4558,1808,Mar
5330,13882,12884,Jan
6719,10330,1341,Mar
4057,13365,2671,Jan
5130,4520,8847,Mar
4507,6637,6753,Apr
4631,12433,12840,Nov
3992,5827,10394,Nov
7591,8629,11327,Aug
4194,3337,3885,Mar
6969,14281,5321,Mar
3703,13044,6313,Sep
4031,4294,1913,Nov
7922,4677,544,Sep
5482,8581,13723,Jun
3563,2072,2186,Oct
3367,9236,5736,Apr
3794,9319,10861,Oct
6104,13070,7125,May
7732,4141,11933,Sep
3987,6530,3225,Jan
3958,11998,10115,Jul
6596,12237,8509,Nov
3855,13694,4514,Jul
4570,6552,6280,Oct
5257,5501,5095,Jan
6910,12468,8765,Jan
7104,4077,3518,Sep
7833,11840,6792,Jul
5223,10526,2060,Apr
7177,6755,9583,Sep
3238,14856,11824,Dec
6289,14464,10581,May
7283,13063,13865,Mar
7726,4615,9938,Feb
4733,7356,12494,Sep
6062,6172,972,Apr
3815,2932,5935,Jul
7710,2635,2717,Jan
4187,8683,9392,Sep
5226,7773,10771,Dec
3985,5229,552,Sep
3798,3190,3487,Oct
7163,7508,8830,Jun
3544,2011,10089,Jun
3520,14194,2637,Jun
5547,11641,1327,May
4455,10060,10775,Nov
4059,2448,8664,Jan
5237,9661,11668,Apr
4113,4496,1748,Oct
6407,7885,13341,Jan
3947,2426,5335,May
7031,9099,13056,Apr
3136,11107,13697,Aug
5594,5169,8877,Jan
3793,14918,3942,Aug
4137,14513,13656,Aug
4363,2446,7902,Jan
3555,12102,3693,Sep
5573,13927,5428,Sep
6404,4250,10104,Jun
5255,9111,11880,Jan
4367,14962,8096,Jul
3949,4681,3416,Jul
3104,3401,9707,Sep
4047,5407,5037,Jan
7027,8761,12826,Aug
5615,3043,7551,Dec
6332,7363,6145,Nov
3964,13210,4761,Aug
6272,2391,2435,Jul
3838,6819,8541,Dec
5459,8879,10160,Jun
3882,7984,5038,Jan
6189,3285,4926,Nov
7520,8363,13780,Oct
5203,7127,1858,Nov
6335,8589,13923,Aug
5199,14301,2269,Dec
3212,12626,11453,May
4216,10833,11574,Apr
3881,11237,9881,May
3755,14512,1692,May
3701,6037,3316,Oct
5220,13239,6767,Mar
3371,8854,12313,Apr
4733,11349,7525,Apr
3802,5249,5356,Aug
3990,13819,5717,May
7772,3543,1542,Jun
3416,2791,5743,Oct
5966,10628,8917,Feb
6338,7170,10670,Sep
6613,8043,7255,Aug
4621,13706,6967,Aug
4536,14868,4477,Oct
7345,8098,13828,May
5793,9448,12523,May
3573,9211,11336,Mar
7894,6782,2383,Nov
7857,9798,1040,Feb
6656,14652,9337,Sep
3293,5959,5585,Jun
7294,6364,5301,Aug
3080,3716,5226,Apr
7233,5636,7522,May
7309,13556,12978,Oct
4863,9870,2188,May
3619,9361,9546,Nov
3960,7671,7134,Oct
6279,14365,904,Apr
6736,10380,3843,Nov
5214,7726,8311,Feb
6575,9557,7518,Jun
6997,9782,11169,Apr
5478,4718,9211,Nov
6252,4405,11632,Apr
5169,9887,1907,Oct
6246,14122,9512,Mar
5379,13357,7530,Aug
4723,10003,7859,Jun
4162,9718,12366,Sep
4890,11094,5030,May
5041,10532,8428,Jun
6972,4881,12527,Sep
6402,8710,4567,Apr
6310,14698,6706,Oct
4100,2643,11979,Jul
7019,2020,2681,Oct
4689,13264,13406,Dec
7133,2677,3732,Oct
3845,11291,9116,Nov
4644,4650,2051,Nov
5334,5469,857,Jun
4264,9886,12138,Jun
5935,6183,2094,Jun
6686,12256,5628,Apr
3216,13592,9702,Oct
7777,9086,8888,Jun
6658,9377,13928,Dec
5341,13063,9725,Jul
4508,12622,9553,Feb
5091,7684,848,Nov
6379,4687,12469,Sep
4117,8596,2158,Jul
5741,3416,9266,Mar
5162,6405,13815,Oct
6257,9074,2319,Oct
5969,2491,6971,Jul
4149,2759,6381,Oct
6177,5501,7155,Oct
7254,10192,9622,May
6346,4088,4508,Sep
6962,5656,6543,Jun
4141,6767,13374,Nov
5934,2211,983,Jul
5108,9975,4412,Apr
5449,5722,857,Feb
3828,13709,13172,Nov
4204,12157,8945,Apr
6304,2303,12686,Sep
3845,6786,9526,Mar
5972,5772,1690,Jul
4269,3781,10395,Apr
7734,5225,13583,Mar
7745,14903,5064,May
4630,14810,6479,Feb
6531,12264,9184,Nov
3804,10999,13707,Oct
3128,14312,3909,Apr
3952,8739,12838,Jul
5265,9273,11819,Dec
3020,11968,10812,Dec
6639,13382,12557,Feb
4782,14234,8743,Oct
6835,6203,8953,Jun
6132,3353,11694,May
7771,10371,2408,Mar
7835,11072,4146,May
3557,8274,8215,Oct
5245,3830,2877,Jul
5984,6698,12086,Mar
6564,6002,4836,Aug
5726,4800,5904,Jul
7600,8902,6458,Apr
7834,6263,2125,May
7888,2222,5918,Oct
6332,14756,9920,Nov
3197,14565,4886,Apr
5829,4237,6854,Feb
7840,4578,1889,Dec
6989,3778,6409,Sep
5470,2620,1987,Jan
4631,11405,7001,Aug
6279,6054,9608,Apr
5039,14505,10833,Sep
5480,9466,1210,Mar
7331,7430,2386,Jul
7575,8379,2716,Mar
5476,6263,1820,Oct
7762,13019,8406,Dec
6310,4240,11255,Jul
6179,10043,4945,Feb
4388,3362,5331,Mar
3642,13030,11318,Aug
3575,12694,8317,Jul
6145,4240,7484,Nov
4722,7521,9092,Mar
4019,8535,1250,Aug
7059,8744,6094,Sep
6421,10284,13608,Feb
3400,3238,7671,Feb
7691,8492,7991,Jul
4457,6608,2387,Nov
4596,9502,4185,Aug
3117,5470,1918,May
3383,13427,3103,Feb
7955,6201,13930,Oct
5130,7351,4271,May
4851,12956,5600,Mar
3832,13796,13753,Sep
7969,7413,13802,Feb
5701,9432,10710,Sep
5782,13027,10728,Feb
6482,7971,10337,Jan
5118,9437,3987,Oct
7483,5901,9505,Jun
5007,13426,6410,Nov
5572,5628,6808,Jun
3297,3768,5233,Apr
3719,7352,3669,Feb
6137,13701,1523,Oct
6080,4901,10201,Dec
3011,3541,10730,Nov
7881,4091,1893,Mar
3411,12842,5739,Jun
5940,11923,2846,Apr
5655,9742,1355,May
6187,10283,9858,Nov
6451,6854,3254,Sep
3599,10922,2165,May
3824,7049,4538,Oct
5398,7557,10664,Nov
7115,6432,4187,Aug
3313,14006,1616,Feb
5975,10891,12060,Dec
6739,9987,5042,Jun
5493,7020,1233,Nov
4946,5014,12475,Nov
3231,12503,3421,Jun
6741,8248,12021,May
5673,4016,13309,Jun
6455,13682,10398,May
6584,2977,3998,Feb
3044,6210,9816,May
5925,9034,5217,Jan
6694,3258,5354,Mar
5271,14047,2358,Jul
6458,3297,10983,Apr
5950,12170,5973,Aug
5319,9397,3013,Mar
6386,8872,5460,Jul
5295,6129,4015,Feb
5996,3732,10692,Aug
6639,4942,10489,Mar
7917,12701,2816,Jun
6368,2448,11272,Feb
6285,11429,2514,Jul
5343,6500,2667,Apr
3171,10524,3528,Jun
7342,8133,10639,Feb
4640,14515,9835,Mar
3617,2165,13497,Mar
3240,14872,4731,Apr
7494,6832,3648,Jan
4857,14885,8021,Jun
3923,14880,9627,Nov
7888,14219,11849,Jun
4905,4774,500,Apr
6150,11891,8768,Aug
3813,11605,13748,May
8000,11638,8111,Oct
4731,7020,3128,Apr
3832,13674,6634,Jul
6425,9748,10887,Oct
5208,6744,1073,Oct
7840,11879,2048,Aug
6433,2446,8877,Feb
7909,13666,13309,Jan
6369,2096,12534,Jun
5228,4426,6545,Feb
5261,12909,3992,Nov
7626,5257,10935,Aug
5918,6726,8725,May
6521,8851,8339,Feb
7381,10694,10312,Nov
5709,14575,6189,Dec
4821,10189,2396,May
3649,14656,2955,Feb
3189,10256,10492,Jun
4223,14449,5916,Aug
3479,8740,13324,Feb
6063,8714,10775,Jun
5026,2661,5883,Jun
7613,13681,1905,Jan
4889,10672,12380,Sep
4551,8879,11344,Dec
5917,6662,5038,Aug
6256,9815,1686,Dec
5807,5261,12825,Apr
3034,2405,2639,Jul
3296,6860,3178,Apr
5501,5560,4294,Aug
6780,13575,3219,Oct
6577,13859,8548,Feb
4430,9856,5102,Feb
5190,11309,10918,Mar
4988,12629,11023,Apr
7744,8690,12715,Nov
5883,13674,4950,Jun
4710,7331,12060,May
5778,13901,4457,Oct
6698,5440,6569,Oct
4548,2741,9179,Jul
3463,13431,13793,Jun
6316,9181,778,Apr
6305,9731,3091,Nov
3514,4921,9341,Oct
7097,9374,11670,Sep
6567,12023,854,Jul
6804,14330,2742,Jan
6688,9023,5399,Aug
6939,7561,6736,Apr
6490,7634,2980,Jul
4472,2910,1057,Nov
3338,14204,13838,Feb
6082,6702,3986,Dec
6413,3418,661,Mar
5393,7798,6744,Jan
3977,9698,1198,Feb
7979,14501,10665,Nov
5246,6038,4044,May
7069,13831,4277,Feb
4704,5445,2705,Jun
3872,2131,991,Jun
6410,12248,2492,Jun
5590,7862,1532,Dec
7553,2152,3783,Nov
4550,4478,12202,Mar
6508,10674,6516,Nov
7462,8116,5419,Mar
5622,2304,13466,Oct
5530,4519,6474,Jul
5158,8112,9477,Apr
5357,2992,2333,Jun
3160,12429,1491,Dec
7940,7647,12898,Aug
5103,12751,7484,Mar
5809,14630,6846,Sep
5000,9597,2283,Sep
5582,10906,5684,Mar
5994,3709,1684,Jun
5935,10018,11153,May
5312,11249,2168,Apr
5796,2470,7333,Aug
7329,5465,6324,Oct
7329,10932,11005,Sep
6589,5566,1071,Dec
6117,10704,4800,Sep
7654,13585,4238,May
6748,7234,1083,May
4950,5285,7823,Nov
4460,14029,10912,Mar
7431,12384,8999,Sep
5452,14846,13237,Jan
7352,10551,8753,Dec
6068,2284,8040,Mar
7091,13508,6079,Jul
5989,5277,5070,Jul
3772,4631,12480,May
4112,3757,6191,Jun
6312,12966,10825,Apr
7407,7479,2459,Aug
4595,11714,8530,Apr
5730,7787,5626,Oct
4282,11437,10724,Jun
6586,11604,4262,May
5829,7449,3286,Dec
5374,6838,2042,Oct
7886,11608,2175,Jun
3342,10549,13313,Mar
7934,5465,533,Mar
7724,8048,12653,Oct
5819,8730,3299,Jul
5926,6135,7996,Jan
4273,13141,2355,Jan
3710,5141,12372,Jan
3739,13068,7423,Jun
4779,6553,3185,Apr
7591,2196,1557,Jun
7131,3874,7438,Jan
6719,7830,5001,Apr
7914,8679,13829,Apr
3010,9986,8097,Feb
4738,2937,7071,Jan
5579,4194,11653,Aug
4559,13722,4888,Jun
5143,6125,6522,Apr
5624,8250,3127,Feb
7001,10581,4320,Dec
7546,13118,7747,May
5144,10162,11849,Sep
3865,8549,4143,Jul
4801,9178,6691,Apr
6453,10538,4262,May
5717,13036,6487,Aug
7303,10310,10823,Nov
4810,10054,9298,May
7946,6615,2855,Dec
7342,11430,10991,Jun
4998,12972,12608,Oct
5932,12319,12967,Jun
5131,4466,1833,Aug
7413,10775,4508,Nov
5693,4759,2973,May
6177,3708,6643,Jan
5797,7408,12249,Apr
7696,8377,4233,Mar
4556,8404,2586,Feb
6691,9076,3850,Jul
7937,12896,13603,Jul
6573,8221,9067,Aug
7444,6837,2452,Oct
3331,10863,4210,May
7706,11963,10780,Jan
4945,3685,2193,Jun
7840,12269,12247,Jun
6959,4485,12972,Nov
7665,11888,8763,Aug
4685,9940,2274,Oct
5437,5601,1073,Feb
3971,14350,6985,Nov
3747,3453,5164,Sep
5185,5206,5559,Nov
4385,14444,5862,Jun
7031,8712,4566,Jan
4019,4990,6971,Sep
5579,12493,6613,Aug
7112,13450,12399,Oct
7664,9546,8844,Jan
6941,3350,5874,Aug
5025,8342,9420,Jul
4543,9338,10971,May
5712,7434,10244,Jun
6047,14293,4163,Apr
4455,5949,12259,Sep
6004,3279,12963,Sep
4703,7998,7194,Oct
7421,2820,6641,Jan
6874,11535,6786,Dec
3122,8119,6660,Sep
4477,4295,13036,Mar
3266,2003,11798,Dec
3028,4560,13588,Feb
5125,8981,9691,Apr
3432,12745,7642,Apr
7975,2030,5521,Sep
6778,7952,7370,Apr
7532,11844,6808,May
4086,10132,9826,Jun
5095,11490,5242,Apr
5486,14996,3645,Jan
3101,2885,8643,Feb
5155,9492,3215,Mar
6049,11392,9045,Apr
7983,13550,5893,May
3800,12171,13730,Oct
6823,6843,9994,Oct
4296,6038,4582,Mar
3435,12318,4231,Nov
6805,4290,13313,Jan
5614,5894,9201,Nov
3916,6596,2037,Nov
5276,2204,8592,Aug
7641,11675,677,Aug
3648,7502,2876,Apr
5296,12962,8238,Jul
7079,14620,9492,Apr
4432,12842,7331,Mar
5362,14453,3743,Jul
7133,12400,4166,Jun
3724,10197,1437,Jan
4548,9820,3527,Sep
3980,10140,2520,Dec
3084,2531,11474,Feb
6487,12284,7702,Mar
4366,14744,12232,May
7815,10016,2474,Mar
3550,2226,10210,Mar
6493,8142,11361,Aug
5763,9482,1758,Apr
6854,4099,7552,Oct
7683,9313,3610,Feb
6200,9290,9934,May
3152,6566,3253,Feb
6499,11088,6294,Oct
5213,11512,3175,Nov
5986,4661,12364,Dec
7095,12751,919,Aug
4568,3664,9344,Mar
3212,3525,3371,Feb
7838,5750,11937,Mar
5180,8757,13601,Mar
6224,5654,1367,Jan
7192,4567,12900,Mar
4527,14961,11679,Mar
3522,3096,8865,Apr
6947,5098,13798,Aug
4703,5240,8504,Sep
3018,13014,5232,Jan
6481,9967,10251,Jan
4720,8728,4627,Jun
6317,7328,5092,Jan
7015,9778,2742,Dec
3879,13119,13315,May
3594,10079,2988,Dec
7739,5614,2012,Jan
7897,2847,6116,Aug
7551,5616,3271,Dec
4610,4704,2143,May
3876,8754,523,Jun
6232,5893,2837,Apr
5449,13573,3443,Aug
7558,13263,13091,Dec
5137,4994,8522,Sep
5054,14934,5226,Sep
3084,6533,2216,Jan
4440,3500,7594,Jul
5669,4442,4633,Apr
5220,3725,7029,Oct
3699,11757,1244,Nov
4821,9341,4677,Aug
7626,11935,13929,Jul
7415,2325,8685,Jan
4099,6417,6440,Jan
5895,12422,549,Jan
6418,4666,7312,Feb
3249,11401,6717,Oct
7483,6361,3549,Feb
4958,9152,11434,Sep
4891,2841,5725,May
7459,14616,8368,Jan
6368,14093,4389,Jul
5116,13628,8451,Oct
6064,6778,10314,Feb
4807,4071,12089,Mar
3296,3284,10479,Apr
5695,3378,8135,Mar
4992,8339,6275,Mar
6940,4658,3855,Sep
3032,5561,9705,Dec
7651,8007,8845,Apr
6876,7452,11593,Aug
7401,12079,6761,Jan
3793,6012,2814,Jun
7192,3978,3956,Jan
4090,14919,10994,May
3230,6416,7908,Jul
5781,7496,4766,Dec
7454,14490,12705,Jan
7498,13353,9308,Sep
3790,9874,3549,Dec
7195,4224,5143,Nov
7367,14914,5804,Sep
4799,12271,2425,Jun
6981,9089,7345,Feb
7458,2953,7310,Feb
6241,13059,2957,Sep
7636,8934,7382,Apr
6857,12482,8320,Jun
7929,7917,10303,Oct
3314,10261,4741,Feb
3233,11286,3609,Apr
6508,7742,11229,Feb
4030,6253,13049,Mar
6607,2548,5745,Feb
5712,3839,10319,Aug
7340,3951,8463,May
5289,11250,4940,May
7000,13743,8110,Aug
5606,4507,2498,Nov
6345,14099,11618,Aug
5123,13682,1631,Jul
5331,14798,2492,May
6780,14655,8547,Jul
7183,13151,9205,Jan
3881,11074,5540,Mar
5978,8350,1212,Mar
4173,9603,11853,Feb
3160,4625,714,Jun
5494,7893,6246,Mar
5130,9400,9295,Apr
6079,14956,7481,Mar
5230,4153,4269,Jul
5918,6761,5367,Apr
6014,9185,9361,May
4550,5566,1580,Jul
7574,2259,13346,Apr
6386,11700,10117,Jun
4580,10504,10961,Sep
6372,12870,974,Jun
4961,3844,9823,May
6845,9269,1362,Dec
7698,12776,9503,Jan
5391,14206,4772,Aug
4420,13443,9178,May
6918,3533,9383,May
6836,7596,3608,Mar
7429,6769,11314,Oct
7451,11615,767,Dec
6631,4020,9476,Feb
7943,8358,4373,Jan
3163,7502,11663,Sep
3116,7243,7031,May
4471,3691,2901,Oct
6080,11920,5409,Dec
6853,10519,12033,Apr
5839,3588,11763,Jul
3543,5753,2816,Apr
3414,13086,8676,Nov
3682,2097,8109,Feb
3642,6754,1701,Sep
6979,12539,5686,Aug
4433,8173,776,Dec
3669,11289,5827,Apr
5070,10052,8998,Aug
3969,7018,1130,Dec
4181,7704,3085,Sep
7820,9911,7161,Feb
6236,14926,7941,Apr
3252,10276,7900,Nov
7301,3277,1637,Jun
5880,12903,10873,Jul
6999,2518,7468,May
3791,13715,2213,Oct
7561,7426,9740,Dec
4496,9815,10275,Oct
7490,2183,3851,Jul
6069,11164,8593,Nov
5708,13577,13600,Apr
5578,4388,10526,Aug
4236,6322,6715,Mar
4059,6932,9643,Mar
4171,5827,10724,May
6619,12503,1724,Jun
6660,4497,5945,Mar
6656,5479,8724,Oct
3057,14457,596,Feb
4893,10757,4858,May
5570,3935,13701,Oct
7081,8275,3641,Jun
7457,11018,8480,Mar
4949,14893,11469,Jul
3223,13309,11970,Mar
4640,2349,671,Dec
7423,2098,5353,Feb
4758,3769,13713,Oct
3836,3804,9592,Apr
5537,11252,13821,Mar
5526,13701,13058,Jul
3985,10112,9433,Aug
4358,13248,5931,Mar
7888,6170,8037,Jun
6061,12297,11306,Jan
7478,13282,10614,May
4447,2401,11389,Feb
4372,10379,9082,Jan
6225,14176,1458,Jul
4875,10330,5170,Oct
5500,2142,9035,Apr
6362,14395,3981,May
4143,2220,2069,Feb
7310,6240,8431,Aug
3565,9001,9147,Nov
7828,14797,6042,Oct
7535,12615,9135,Mar
4589,14292,12984,Jul
6986,14220,11607,Nov
7725,2387,11102,Jan
7999,14030,3981,Oct
4471,13223,8431,Jan
6915,7991,6193,Jul
6114,2559,1917,Jan
7491,3839,6356,Dec
7343,13426,8176,Sep
6363,3771,7511,Sep
4637,10556,7209,Aug
5913,10608,1170,Aug
4473,9676,5913,Apr
4245,11827,6501,Apr
6738,4068,2784,May
5099,8757,13248,Sep
5598,2516,5940,Mar
5513,14223,8791,Apr
7515,11412,3287,Oct
3259,2660,8357,May
5359,5416,907,Jul
6394,10521,1477,May
6779,2377,11490,Sep
6412,13474,6053,Jun
4269,2159,8834,Mar
3940,14945,7952,Jun
5377,11455,11768,Jun
6952,6174,9411,Dec
3196,4199,10151,Oct
7158,12756,9109,Jan
6097,12622,9796,Jul
6636,14980,1044,Mar
3562,12229,7653,Jan
6450,12591,7460,Jan
6367,11416,8044,May
6124,8276,6802,Oct
5892,3988,6405,Oct
3040,8777,11980,Feb
4768,8312,9464,Feb
5505,10168,10385,Dec
3788,2865,9760,Apr
4877,10582,12395,Oct
7098,11600,4723,Nov
4493,6915,2073,Dec
4130,8241,5472,Dec
5264,9135,4293,Jul
7873,14222,8019,Aug
7510,14627,3153,Nov
7022,3554,1040,Oct
7306,6047,2711,Jul
5186,2131,11388,Sep
4645,5679,10250,Jul
6561,8353,8822,Apr
5686,5076,11435,Sep
7822,14664,13291,Sep
4413,14927,6043,Mar
4222,3521,4320,Oct
5250,5269,2731,Aug
5240,2440,9517,Jan
7203,11933,3218,Feb
7423,3203,8190,Aug
3644,10432,1522,Aug
7453,5391,11293,Jun
5549,5721,5854,Aug
7604,14310,4726,Aug
6806,8775,9388,Feb
7291,9160,9729,Mar
7143,9875,1313,Jul
4386,11395,4337,Mar
5585,3887,9350,Nov
4602,6270,11119,Feb
7943,10389,1583,Jun
7805,9705,3474,Feb
6318,13717,9875,Feb
3808,6194,6066,Nov
5660,2744,7181,Feb
3115,7546,3124,Apr
5728,2452,6005,Jul
7727,5262,13881,Jun
5267,13213,8049,May
7293,9745,3232,Apr
7497,2498,2497,Feb
6902,13879,10703,Nov
5729,13454,9940,Aug
7172,2140,8175,Dec
4450,3714,12428,Feb
7383,13012,13957,Nov
4569,12414,11105,Aug
4323,12659,8277,Oct
3861,2675,4843,Apr
3742,5505,8703,Dec
4731,5602,10702,May
7905,8675,4107,Nov
5934,11109,9428,Jan
6519,12014,1009,Feb
7510,8504,9960,Nov
7527,14014,6594,Aug
6168,12795,12958,Jan
4919,6803,6245,Mar
5219,3730,5316,Feb
4341,13620,3542,Oct
7640,7976,5410,May
4515,14848,7072,Dec
4412,14346,1558,Apr
6037,9811,4800,Apr
7168,9028,9581,Apr
4023,5718,6003,Nov
7628,9088,3452,Apr
5287,3624,12029,Apr
5759,3806,6196,Jun
7673,14550,8110,Feb
6772,11646,12373,Apr
4113,10545,3244,Jul
4946,4933,13537,Jul
7809,2940,10200,Jan
4559,9787,8137,Oct
6880,5945,12029,Dec
3642,9058,3533,Sep
5238,14334,6534,Jul
7908,6848,10459,Nov
6487,10421,9824,Jun
6226,13674,1701,Feb
4015,6852,748,Jun
5022,8459,8503,May
5677,6857,10587,Sep
4541,9738,13816,Dec
5937,2237,5776,Jan
6107,5772,8921,May
3784,9735,3175,Mar
3671,14365,9976,Sep
5770,4781,3375,Dec
5574,12798,9012,Jan
5585,9087,7794,Jun
7943,3984,527,Mar
4278,13287,11590,Jan
6044,3052,1009,Nov
6173,9658,1140,Mar
6783,7254,13328,Feb
3178,2350,3750,Oct
3276,2912,4247,Dec
5360,6445,3219,Dec
6482,11496,4403,Dec
7887,12715,5505,Aug
6360,2291,10003,Mar
4425,11404,3836,Nov
7123,9750,10182,Jul
5961,2467,1918,Oct
5470,5277,8099,Jun
6086,7361,10150,Jul
5373,7303,3959,Nov
7069,12717,5404,Jul
4591,5575,7812,Oct
7381,13391,7842,Jan
4113,8592,11259,Apr
4069,6325,10029,Apr
5546,3064,12384,May
6650,6888,5748,Oct
4815,13655,13301,May
6908,11885,3581,Aug
6732,4394,846,Apr
5193,12249,616,Jan
3082,10278,11150,May
6707,12784,10112,Jan
6177,14234,10546,Dec
4826,4920,3582,Mar
3082,8858,2131,Aug
3094,2003,2499,Oct
3343,13286,8559,May
5409,7940,7769,Jul
4855,10048,10837,Jan
7000,11713,13069,Jun
4090,13140,8632,Dec
3624,14049,6598,Aug
3868,3977,9498,Jun
5477,11666,7503,Apr
6473,11322,2191,Nov
3171,11072,3204,Aug
4783,11593,6040,Aug
3578,12167,3935,Jun
3068,3750,8902,Aug
4516,2001,10382,Dec
3001,11336,2277,Jun
5199,11830,3647,Apr
3902,10340,8557,Nov
7846,6247,2999,Dec
3795,9732,1186,Jun
5067,8035,11362,Sep
4820,12545,5566,Aug
3371,4043,9621,Jul
5539,3702,12805,May
6908,7947,10006,Jul
5055,13121,3333,Jan
5597,14762,10465,Aug
7467,3387,2745,May
4689,11855,1685,Jul
7853,12272,2964,Jul
6322,7826,9075,Aug
4139,12188,13682,Jul
5622,13884,12615,Jun
5729,13422,2021,Dec
4166,11442,1479,Jun
4509,6462,4677,May
6842,4036,4110,May
7559,8405,7971,Apr
7577,8789,6200,Jul
7919,8119,11962,Dec
3524,2537,8073,Nov
5259,11746,2453,Mar
7340,12344,6046,May
3239,10982,10176,Mar
4221,8863,1383,Aug
3769,3948,11219,May
3235,7178,5323,Nov
5761,7104,623,Oct
7593,6143,1025,Jun
4520,14947,2586,Jan
4904,11627,10847,Nov
5235,13441,6911,Apr
3936,4848,6599,Sep
4269,10305,10068,May
3819,4343,4906,Jan
6568,6533,12153,Apr
7118,2161,4635,Dec
5116,14104,8526,Jun
5440,10695,5376,Jul
6388,4634,9272,Jul
4089,12697,2493,Aug
4828,7101,5025,May
7825,7766,12627,Jun
5589,11586,9148,Nov
5616,3509,11492,Nov
4874,4319,10143,Feb
7308,13442,703,Dec
4774,8105,11518,Oct
3200,10671,4713,Dec
3178,14446,10544,Feb
3931,10946,6423,Mar
6737,5999,12157,Apr
5037,12028,12737,Jun
4486,10395,6865,Jun
5092,13034,5492,Mar
7264,5349,6706,Jan
5385,13406,11135,Mar
7089,13783,10744,Apr
7682,14799,8001,Sep
4916,6211,7959,Oct
3016,2391,13295,Aug
5935,13606,2692,Apr
3837,13636,5549,Jul
5158,9951,3209,Sep
4577,8831,9874,Feb
3306,4773,3328,Mar
5054,4416,9650,Jan
5891,3238,4574,Aug
6345,8712,6450,Feb
7457,13140,10750,Jul
4209,2740,568,Jul
4859,14075,2137,Nov
5704,8470,13751,Mar
4972,14324,6163,Feb
4114,13035,8893,Mar
3984,11727,8957,Dec
6311,9491,6751,Aug
7002,2368,3625,Dec
5772,12463,7594,Sep
6153,12149,8005,Nov
5163,6909,6833,Aug
5128,7219,738,Nov
6640,11290,5546,Feb
7275,12963,8517,Dec
3561,9604,790,Sep
4810,11583,12086,Jun
7388,8206,6964,Dec
5933,3647,2308,Feb
3291,12223,10781,Sep
7638,11870,1454,May
4910,12338,7532,Jun
7690,4824,13420,Jan
4429,13488,2430,Dec
3948,6170,7489,Feb
5528,7909,12772,Jan
4349,5781,8975,Apr
3381,12423,9498,Feb
4705,13556,8279,Jan
3310,5128,5630,Mar
6415,11464,10598,Apr
4499,3979,7085,Apr
5895,13889,3176,Mar
3661,8612,4071,Feb
6448,12379,13363,Dec
5274,8022,4259,Aug
4498,8081,12761,Oct
5073,12598,10310,Nov
6437,11768,13714,Feb
5143,13671,5621,May
7661,13737,13598,Jul
4606,9832,9500,Sep
7740,11661,4286,Dec
4432,11171,1441,Mar
4951,3255,8731,Jan
6923,13880,1838,Sep
3459,11833,5152,Jan
5949,2299,1821,Aug
3338,9809,2154,Feb
6944,6521,13704,Jul
5014,5042,3568,Dec
7021,10592,5238,Mar
3345,3280,7093,Jun
7672,11053,9086,Jun
3943,6589,1291,Apr
3346,10133,12325,Aug
6895,8632,7176,Dec
6320,12765,10636,Dec
6696,4784,1243,May
3325,9398,7024,Jul
5139,8708,7074,May
7390,9173,13064,Dec
6613,14377,693,Apr
3524,6159,8394,Jun
5898,11303,4774,Mar
6741,11248,13954,Jun
3259,11287,4397,Jun
4111,4300,8909,Nov
3821,8250,4082,Nov
5789,9969,5583,Jun
7665,5991,13344,Nov
7605,2513,8629,Mar
4564,6231,12182,Aug
7621,12868,5843,Apr
4208,8552,8017,Nov
3309,10312,11507,Feb
4840,11693,8289,Jul
6353,4847,4403,Nov
4384,3117,12615,Aug
5307,10696,2285,Nov
4181,13183,12864,Apr
5473,11815,8462,Jun
5687,9861,13386,Aug
5968,4238,12525,May
7446,8600,9874,Sep
3961,4433,1023,Jun
6457,10994,3796,Jun
3438,9009,7456,Dec
3456,9166,4979,Feb
6818,6373,8211,Jul
4570,10146,6185,Sep
4104,3471,7147,May
4619,11018,9060,May
6613,3428,8294,Dec
4513,12635,6090,Nov
7739,6874,4883,May
3392,9923,898,Jan
5622,6306,2651,May
3921,5781,5930,Oct
5458,12217,4380,Aug
6601,4317,626,Mar
7509,8688,2587,Sep
4789,3006,11835,Sep
3261,3637,2270,Jun
5014,11036,7525,Apr
4336,7111,12745,Apr
3335,9449,8938,Nov
5780,14685,6425,Jan
3804,5287,3818,Oct
5438,13695,2581,May
5808,7440,2557,May
3941,4861,5787,May
6164,2638,6403,Dec
3903,10684,5835,Jan
6433,13190,3489,Jan
4269,7725,8075,Oct
3024,13849,12289,Dec
7653,4175,6221,Feb
5749,7595,7578,Jan
5451,3485,839,Aug
4397,8581,3228,Dec
6358,6543,2091,Dec
6905,7221,8343,Apr
5489,10750,6283,Jun
6667,5748,3661,Aug
4758,11161,10000,May
7978,7032,8675,Jun
4879,8426,5129,Apr
5533,6009,12030,Jun
6515,7323,13596,Jun
6774,10277,7401,Mar
5079,7443,11390,Apr
7662,8307,11815,Jun
5058,5128,2797,Aug
3678,6301,5950,Jul
7947,8027,7790,Apr
5975,12387,10745,Mar
3285,14245,5444,Nov
5201,7409,10201,Aug
7467,2946,5818,Jun
4841,5208,4307,Dec
4879,12185,512,Aug
4611,5440,4534,Sep
6963,3545,6030,Sep
7237,14844,10272,Oct
6160,5507,3933,Nov
6499,2029,5133,Sep
5132,11663,2551,Oct
6315,3409,4376,Jan
4379,13952,6408,Dec
6078,5679,6630,Mar
6015,10720,6927,Sep
6893,7147,13509,Apr
4716,2125,2323,Oct
3453,6908,3930,Dec
3342,14048,3240,Feb
3393,8642,2288,Jan
4270,5258,2452,May
6051,10845,11396,Apr
7060,14425,9643,May
3971,10141,13415,Nov
5206,10932,3920,May
7795,4261,3527,Aug
3166,9953,3601,Jun
3255,10482,12652,Mar
3302,13183,6373,Sep
6104,13833,4088,Aug
6841,12769,4345,Sep
5557,12931,6237,Apr
4506,3693,9839,Aug
4257,7887,12209,Nov
5263,6644,11750,Mar
7341,11511,1917,May
3210,4821,4409,Jul
6794,5662,5245,Jan
7522,13421,12381,Jan
6048,7194,3272,Mar
3981,3395,13599,Apr
5120,4967,5675,Jan
6746,5961,6775,Aug
3178,4614,11520,Feb
4547,8870,10861,Nov
5035,3544,2749,May
3299,7225,4358,Jun
5568,14093,2125,Nov
6567,14689,3249,Jun
7040,11972,3105,Jun
3275,9986,2347,Nov
5996,12342,7707,Jan
3053,6882,9270,Mar
4424,14660,1636,Mar
4628,6433,12102,Aug
3489,9034,3633,Jun
5355,11248,10966,Feb
3417,11637,10913,Jan
5557,12160,13807,Apr
3921,3096,1657,Jan
4554,12073,7952,May
5686,3204,12550,Dec
3666,12112,10341,Nov
7102,9947,7775,Aug
5470,9319,13356,Oct
4475,5583,5913,Feb
3338,13331,4872,Aug
6160,14166,6111,Aug
3269,9539,2086,Jun
4088,13611,10650,Aug
4294,9140,2823,Feb
3657,4038,733,Jul
5829,10179,9957,Dec
6974,11924,8416,Aug
7958,7926,531,Apr
4337,10223,12130,Sep
5357,12160,10063,Nov
4668,4974,9451,Jun
4826,13522,3703,Dec
7031,5568,6394,Mar
4213,13117,2294,Apr
5769,12414,13580,Dec
7416,13630,1261,Apr
6059,10206,13052,Jan
3445,13314,4580,Oct
4398,10298,781,Jan
7382,5793,4571,Jan
5219,14756,12595,Apr
6677,2201,5125,Jan
5311,9956,12747,Jun
7041,9385,6478,Feb
6607,8007,9507,Jan
4828,3794,5059,Jul
6220,3408,1970,Jun
7689,2916,3787,Jan
7512,6431,4759,Dec
5073,9778,6206,Oct
7190,11876,11277,Dec
5331,8346,1010,Sep
3686,5166,8461,Jun
7959,9344,9246,Feb
3685,2064,12397,Jul
5938,6648,7284,Mar
6712,6319,9998,Jul
3341,5650,11834,Sep
7700,8398,5993,May
3734,4015,758,Jan
4497,11513,7088,May
6894,6024,9916,Aug
5955,8314,2165,Aug
4132,10804,10095,Mar
7636,10843,2365,Apr
4733,3387,1265,Dec
6036,13058,8756,Aug
5714,12312,3949,Aug
5480,7179,3205,Jul
4420,8598,6265,Jun
4990,8479,5474,Apr
7711,6763,695,Oct
3488,13387,1883,Sep
6820,6109,2935,Feb
4442,7535,12852,Feb
5391,14020,1950,Jan
4385,5128,8914,Nov
5157,6866,8424,Dec
7945,7085,7558,Mar
7397,13297,7816,Mar
4392,2537,6128,Apr
7801,9929,941,Mar
6143,7031,10129,Oct
3269,12610,11879,Jun
6918,12399,13690,Sep
4525,7998,2867,Aug
3478,13369,5365,Jun
7272,9679,9574,Aug
3239,12514,7659,Aug
3610,4037,950,Oct
7588,14545,7539,Jun
7425,11154,5698,Feb
6398,3243,9434,May
7541,9117,7786,Apr
7538,10724,10236,Dec
7891,12061,3850,Jun
4832,5130,3329,Feb
7987,7479,3113,Apr
4155,3653,2415,Aug
4752,10304,7712,Jan
6599,9974,9940,Mar
5486,11491,1027,Apr
6339,4304,5319,Feb
5334,14616,8379,Dec
7387,8920,8932,Feb
7464,13498,10834,Jun
7582,14338,9056,Jun
3168,11893,1708,Mar
6543,5814,13947,Aug
7010,10412,4620,Dec
3078,13022,11057,Mar
5899,12835,6976,Feb
4109,14072,3461,May
3892,14509,13349,Jul
7757,7038,5276,Jan
4225,5781,10839,Feb
7685,3958,2917,Feb
3565,3296,2116,Aug
5860,8341,9727,Oct
3302,7723,9411,Jun
7390,11224,5182,Apr
3109,7082,9665,Apr
5413,6322,7325,May
5648,12797,2346,Mar
5726,9301,1871,Dec
6339,13375,1966,Apr
5141,5228,9382,Dec
7524,8568,587,Apr
7734,3475,3012,Jul
6814,12557,12540,Jul
7201,4407,9185,Jan
5257,9543,1745,Dec
6646,2935,6616,Mar
6060,13159,9833,Sep
5522,13141,4731,Jun
6418,7415,1477,Jun
3012,4245,10926,Apr
7745,7689,9233,Oct
6267,12829,7222,Sep
6146,6337,13717,Dec
3875,8572,10094,Mar
5434,5950,9502,Aug
3884,4658,5007,Jun
7651,8149,3992,Dec
6986,12006,13004,Feb
4580,9485,5425,Mar
6772,5283,1633,Jan
3353,3296,13072,Mar
4507,13347,5365,Apr
6488,3647,8269,Jun
5852,10551,9260,Oct
5030,5452,3500,Jul
4847,13803,10013,Mar
5391,11356,8166,Nov
7031,10092,7204,Jul
6439,7629,11436,Apr
5384,5244,13317,Jan
6368,9187,7865,Jan
7981,6025,12270,Aug
4466,13892,7132,Oct
5152,10694,2267,Jul
6484,8370,2574,Apr
3574,6204,10735,Jan
3775,11535,1641,Jun
6366,13571,1577,Nov
7339,5812,5099,Dec
6931,11002,6620,Nov
5681,9254,8843,Oct
7961,2785,5332,Jul
5221,2227,9170,Jun
4440,6947,11925,Dec
3714,9477,2185,Jun
3576,2827,3991,Aug
5982,2378,1871,Jun
3070,14003,5959,Feb
6765,12217,12592,Jul
7939,8256,13637,Oct
5377,13556,11293,Apr
5206,13568,3923,Nov
3918,12530,10388,Nov
5746,11320,12349,Mar
3743,8082,4476,Aug
7151,10482,1898,Oct
5534,5548,12672,Dec
4838,9688,5861,Dec
4377,12916,1901,May
3410,2059,10400,Apr
6008,7431,1912,Nov
5953,14393,6930,Apr
7243,4670,3730,May
4680,5339,8021,Dec
4715,4789,6349,Apr
4198,5654,11194,Mar
5338,13382,6556,Apr
6217,12684,5222,Oct
5957,7548,8609,May
6194,7102,1764,Dec
3027,9518,2759,Feb
6138,14593,862,Jul
5974,4662,11337,May
6166,2201,6776,Sep
4091,9087,10224,Jun
3250,13353,6920,Nov
3142,10662,5884,Jan
3267,9943,7248,Sep
7311,5026,13444,May
3489,5356,10075,Sep
3496,13946,8331,Jan
3480,12548,1166,Feb
5691,5973,3312,Mar
7097,12775,2975,Dec
6081,6471,7473,May
7937,13977,3600,Jun
5428,12738,3901,May
3844,12875,5515,Jan
6216,6237,11797,Apr
6912,5123,3051,Jun
7078,13333,12591,Apr
5350,4307,2651,Apr
3650,8003,7137,May
4894,5790,887,Aug
5857,7935,6364,May
6251,8521,13692,Jul
5387,5110,3661,Aug
4726,10539,2880,Jun
4355,3601,9068,Jun
4294,13788,4835,Feb
6047,5777,12969,Oct
6259,6923,1780,May
5714,12745,1243,Jan
3404,14712,7856,Sep
6973,7919,13628,Jul
7033,5778,3986,Feb
4547,10513,8523,Jun
5607,13853,1568,Oct
5826,12489,9700,Sep
4853,7863,7471,Dec
7207,2179,13385,May
3813,5965,13804,Mar
6375,11904,12988,Nov
3930,10220,8026,Oct
7982,13759,9034,Nov
7076,12225,11975,Apr
6324,10929,1130,Mar
3175,5719,797,Jan
4364,8330,8648,Oct
5896,2054,9389,Nov
4038,13117,5816,Jul
6012,8657,2005,Aug
5091,11625,11452,Feb
3461,9998,13717,Aug
5753,4064,3325,Dec
3149,13834,9070,Sep
7434,6183,11487,Jul
4134,5294,9397,Nov
3354,5855,2914,Jan
4108,4751,6156,Apr
5603,13825,9462,Jul
5114,2724,12693,Jun
7095,11445,9786,Nov
6686,11369,5647,Aug
6207,11488,12156,Jun
4110,10049,12286,Oct
7180,11086,4944,Jun
4978,4499,13929,Oct
3227,3329,8047,Jun
5940,12666,9923,Jul
4013,7117,1946,May
7116,4627,12880,Dec
6107,14538,2902,Nov
6937,4450,6142,Sep
5803,13160,2326,Jul
4467,11361,8418,Jan
5989,9057,4347,Nov
3270,13631,1592,Dec
6807,9865,5177,Dec
4532,12559,2220,Sep
3304,6294,1382,Nov
7906,11656,623,Jun
4933,12384,3990,Nov
5041,3730,12286,Aug
7022,10149,6297,Sep
3142,13486,1102,Nov
3809,3123,4331,Nov
3948,9193,5960,Feb
6952,6621,8996,Feb
6413,3488,7446,May
5293,2264,3728,May
3766,4029,11851,Dec
5924,8874,9943,Oct
3939,11435,9628,Oct
5497,5766,7008,Feb
6563,10587,12409,Oct
4263,9056,2813,Apr
3543,11672,10823,Sep
5680,10299,11975,Apr
5955,5563,3789,Jan
5932,10071,7496,May
5782,13098,5344,Feb
7240,14923,2698,Jun
5992,9849,9377,Jan
5613,8035,4735,Jul
6649,13630,8746,Jul
4200,9959,3712,Apr
5118,5196,4669,Sep
5681,3185,3706,Mar
5849,6131,13784,May
7689,5075,11647,May
7663,2412,10636,Aug
7787,13350,1141,Oct
6682,10674,5339,Oct
6496,13151,6669,Apr
3665,5847,8155,Jan
7502,10794,561,Nov
6163,9974,1723,May
6366,3081,11229,Jan
4417,14459,992,Mar
6109,6355,7322,Jun
3517,9662,7111,Jan
3850,10216,1639,Oct
4902,10389,5990,Mar
3908,4626,7294,Jul
3316,10614,1755,Feb
6244,3141,2995,Jun
4508,8935,3785,Jul
7123,12245,2755,Dec
4519,3120,9693,Dec
7151,14359,1625,Feb
4935,6527,4381,Nov
7345,9106,4605,Nov
4802,14667,12236,May
5623,11985,1646,Oct
3857,8693,1286,Dec
4877,6903,10743,Oct
4526,2055,758,Jan
4417,8758,4349,Mar
6480,4263,6930,Jan
6872,10212,6674,Dec
4795,13890,5116,Mar
6066,8353,8680,Apr
5721,10482,1215,Dec
7205,3994,2143,Dec
6677,2834,623,May
3353,6283,2273,Apr
6232,7270,9613,Apr
4428,6309,2677,Sep
5193,12106,7389,Sep
4778,12793,2003,Sep
6537,3501,6161,Nov
4117,13513,7594,May
5321,6688,10544,Nov
3534,6136,2624,May
4218,2019,3754,Feb
5989,3032,2913,Jun
5229,11016,4887,Feb
4980,5274,6589,Oct
5077,13853,6333,May
3532,13985,656,Nov
6077,2747,9815,Dec
4945,14273,5503,Dec
7236,12558,6253,May
6100,9004,1417,Apr
7358,2967,6753,May
6830,5547,2202,Jul
7115,14539,2165,Oct
5585,14627,5889,Feb
4549,4798,12925,Jan
4489,5015,7663,Apr
6660,8605,6307,Jul
3228,3804,2611,Jan
7472,12870,4214,Apr
7832,4023,11246,Jun
7353,10592,7483,Jun
7929,12610,5610,Jan
7797,6432,11716,Jul
3699,12115,12727,May
3438,11560,11528,Jun
4685,12512,2897,Jan
5154,5324,10886,Jul
7711,9163,5954,Apr
5915,3877,2055,Mar
6218,12879,12317,Dec
3960,11589,11601,Nov
4840,5675,5002,Apr
3278,8961,843,Sep
7221,12111,13439,May
6757,2005,2044,Dec
4344,7533,4496,May
7771,10777,7348,Aug
3715,11713,11510,Jul
4506,7175,13947,Mar
6922,5878,8730,Jan
5715,5469,4882,Dec
4348,11013,8546,Nov
5443,6333,13755,Feb
7869,8633,5486,Mar
6961,5093,13449,Nov
4753,13304,3923,Jan
5506,2857,9720,Jan
4738,12497,735,Aug
7170,9618,8493,Aug
4109,9977,9660,Feb
5680,4550,5724,Aug
4038,12378,1730,Nov
3912,3225,738,Feb
7890,12748,10546,Nov
5097,10845,5424,May
6014,9453,551,Jan
3359,9400,10847,Sep
4077,11531,10072,Apr
5104,6556,1556,Oct
7975,4717,8713,Nov
6528,5392,8998,Feb
5303,10154,12798,Jan
7101,11254,8109,Jun
4605,8122,3109,Nov
4076,6528,12985,Aug
7049,12724,4100,Apr
3329,11800,2465,Jan
6233,3081,13855,Jan
6478,8639,13996,Jun
4003,9018,7032,Feb
7879,8105,13338,May
3577,12840,4078,Feb
3327,6750,6061,Sep
4528,4654,3043,Feb
5822,2155,1004,May
4466,6296,8828,Apr
6226,5069,5584,Nov
5282,3963,9994,Jan
7748,6594,4514,Oct
5381,9663,6807,Sep
3495,8303,4114,Mar
4139,11426,13639,Oct
5417,8142,5642,Aug
4357,11668,6571,Apr
4154,5755,5306,Nov
6250,2830,1006,Sep
5143,8574,13473,May
6389,8121,10225,Feb
4125,13920,12333,Aug
3802,8074,4503,Apr
5043,3342,9399,Feb
3208,12356,10315,Jun
5655,12936,8111,Jan
3473,9679,12929,Aug
4639,14490,11020,Sep
3136,9329,11706,Jul
7357,3844,2207,Sep
4171,2461,8993,Feb
3458,4991,2944,Nov
4437,8843,9009,Jan
6572,11770,6406,Jul
5149,2200,3455,Apr
7243,2515,3427,Oct
7813,7871,1357,Aug
3507,7450,3220,Mar
5606,6839,3522,Jul
5384,8490,9368,Jul
3446,12588,878,Nov
5782,5231,8908,Oct
3444,5696,12392,Sep
3118,11467,11588,Nov
4541,5293,6558,Apr
5771,9001,7918,Oct
3567,3629,5463,Jan
6603,6018,13221,Jul
4937,6489,5351,Oct
7184,9563,3489,Dec
4653,4016,4330,Jun
7572,10358,12348,Nov
7391,2975,5903,Jan
7816,6547,10198,Sep
7782,9305,7350,Oct
5687,2859,9982,Aug
4204,5944,2439,Oct
5938,2209,5194,Apr
3406,11800,7825,May
6908,2213,8215,Aug
7215,7897,8927,Feb
7080,13623,10475,Jun
3313,7782,8127,Oct
3163,9402,4695,Feb
4529,11164,3286,Dec
7389,13991,1877,Nov
7786,2303,3255,Aug
4566,9276,2583,May
7769,9000,4909,Dec
3399,12027,12787,Oct
6587,10174,13338,Mar
4048,2860,7070,Feb
4943,6047,5112,Apr
6131,3855,6607,Aug
5797,8951,11392,Jan
3240,13653,4604,Oct
5359,4167,4049,Mar
3672,7959,4652,Jan
5620,3633,11022,Feb
5462,4474,13248,Oct
6394,7040,8157,Nov
3402,4377,5978,Jul
5107,11942,12453,Jan
7149,12874,10703,Sep
4088,5411,3141,Aug
4143,6659,5525,Jan
7382,6275,8264,Oct
5066,6385,2612,Jan
6909,14474,4000,Feb
7256,10677,13642,Feb
6960,11552,6487,Jun
3142,9275,8124,Jan
3397,2772,12923,Apr
5628,13969,13549,Jul
7630,3832,9701,Dec
4556,9605,2129,Sep
5509,3299,11811,Oct
7382,10373,9541,Mar
4029,11454,7861,Apr
5177,14097,6760,May
3671,10337,7422,May
7595,7163,11559,Feb
4856,14134,7666,May
6430,3839,10731,Oct
5079,6594,11927,Jan
5007,2802,978,Jul
4689,12190,1810,May
7432,5950,13323,Jun
3570,3318,2643,Sep
7695,8118,913,Mar
4147,6626,10348,Jan
6775,13990,11323,Aug
3865,12450,4436,Feb
7901,4940,8687,Feb
7410,9569,1894,Oct
3028,14253,3123,Apr
4030,9398,2790,May
4997,7458,1138,Jan
4342,4052,12136,Nov
4249,8454,852,Mar
5137,14044,13213,Nov
5088,8305,11840,Aug
3681,10407,13297,Jun
3375,2785,12280,Mar
6370,8979,639,Dec
6046,3635,8943,Jul
5338,9338,9360,Nov
3806,12491,4342,Jun
6040,13944,9008,May
3279,5109,4518,Aug
4406,14515,3426,Aug
3788,8053,7392,Mar
4333,7004,7742,Aug
7373,7756,10701,Oct
6148,9445,11637,Sep
5346,2284,1552,Dec
6450,13773,13328,Oct
3433,12202,4063,Mar
4010,4413,9815,Nov
6850,3643,1843,Aug
3317,9235,1069,Aug
7217,11319,13510,Dec
4366,13664,12413,Jul
7400,11461,8190,Aug
3936,8335,4416,Jan
6519,13970,9692,Mar
6788,2643,3423,Jun
5769,9311,10928,Dec
3496,12970,5045,Jul
6593,10217,4425,Jul
5233,13514,3752,Nov
7019,12237,12084,Jun
5936,5937,11022,Dec
7809,6807,8058,Dec
7446,8336,3892,Dec
5368,8524,3117,Nov
5585,3025,12812,Apr
3906,14022,6435,May
6228,7722,4855,Sep
4828,3068,2513,Jan
6723,11130,2427,Feb
5581,6098,11236,May
7598,10015,5832,May
4516,11664,6758,Dec
7623,13839,5047,Jul
7807,12517,13487,Aug
6004,2175,7415,Oct
3112,10095,4219,Jun
4673,3143,12365,Jun
5303,7893,10243,May
4651,9341,2182,May
7396,5510,884,Nov
5475,6062,5208,Aug
6996,9797,3536,May
4891,2950,10958,Jun
3307,6436,7523,Mar
3121,4744,5152,May
6102,10312,4945,Sep
4278,6670,889,Mar
4428,3920,3418,Aug
6103,11876,2613,Nov
4186,7612,1642,Jul
4456,8419,1245,Apr
4180,11160,6651,May
4347,8172,2230,Aug
3629,7930,12814,Oct
4215,5808,4885,Jul
4962,14972,4623,Oct
5996,13507,3730,Oct
7613,6738,11908,Feb
7941,8495,3014,Aug
4548,3104,2269,Aug
7916,6389,8799,Sep
5859,12697,13678,Feb
3762,5884,2986,Apr
5367,2732,4798,Feb
7207,3581,9468,Apr
4842,5679,13777,Mar
7903,5852,8492,Jul
4497,4427,6944,May
6920,2323,6521,Jul
6089,5699,10625,Feb
4244,7181,6546,Apr
7583,13184,9129,Jun
7907,9313,9726,Dec
5044,10553,1336,May
6377,4100,5202,Nov
3517,14689,1141,Feb
3835,14968,3674,Dec
3624,12084,2308,Jul
4048,4754,8153,Feb
4565,3472,6753,Sep
6983,3106,4375,Jul
3497,12618,9334,Dec
5430,3803,9394,Mar
5264,12219,3348,Jun
3543,10272,11609,May
3916,8657,4112,Dec
4802,13160,7562,Sep
6083,8906,10414,Mar
3082,12733,9540,Feb
4180,7355,3054,Feb
3166,13931,6820,Apr
5256,4988,1962,Jan
5072,9204,6462,Sep
3807,7776,7311,Mar
5739,10516,12521,May
3332,4361,12474,Feb
6591,3234,1010,Aug
4535,2102,2656,Nov
3181,6912,3419,Nov
4317,2746,5691,Mar
4107,6908,7132,May
4590,5691,9424,Jul
5487,13677,11642,Feb
5591,11439,12652,Mar
5241,5064,1737,Aug
3488,7412,1980,Oct
3612,3719,11157,Aug
6421,4202,2510,Mar
6195,7151,7397,Oct
4398,13497,6129,Dec
4457,8026,5257,Jul
5194,12728,7990,Nov
6075,9737,13989,Feb
4338,7452,3235,Sep
7423,9184,4699,Aug
5201,13677,7786,Sep
7498,3789,11451,Sep
5868,11956,6700,Jul
